+ FCST_LENGTH_HOURS=48
+ NGROUPS=6
+ GROUP=1
++ date -d 20260825 +%Y
+ YYYY=2026
++ date -d 20260825 +%m
+ MM=08
++ date -d 20260825 +%d
+ DD=25
+ YYYYMMDD=20260825
+ model=RRFS-SD
+ model2=RRFS-A
+ MODEL_DT=1
+ datadir=/scratch3/BMC/acomp/Sudheer/Fire-nest/Retros/RRFS_A/RT/GRIB2/rrfs.20260825/00
+ workdir=/scratch3/BMC/acomp/Gonzalo.Ferrada/verif/realtime/model_output/RRFS-SD/2026082500
+ mkdir -p /scratch3/BMC/acomp/Gonzalo.Ferrada/verif/realtime/model_output/RRFS-SD/2026082500
+ final_fout=/scratch3/BMC/acomp/Gonzalo.Ferrada/verif/realtime/model_output/RRFS-SD/2026082500/aqm_RRFS-SD_2026082500.nc
+ final_fout2=/scratch3/BMC/acomp/Gonzalo.Ferrada/verif/realtime/model_output/RRFS-SD/2026082500/aqm_RRFS-A_2026082500.nc
+ [[ 0 -eq 1 ]]
+ get_group_leads 48 1 6 1
+ local fcst_length_hours=48
+ local model_dt=1
+ local ngroups=6
+ local group=1
+ local n_times base remainder n_group_times start_idx end_idx
+ n_times=49
+ base=8
+ remainder=1
+ ((  group <= remainder  ))
+ n_group_times=9
+ start_idx=0
+ end_idx=8
+ LEAD_HH_START=0
+ LEAD_HH_END=8
+ (( hh=LEAD_HH_START ))
+ (( hh<=LEAD_HH_END ))
+ printf -v HHH %03d 0
+ fin=/scratch3/BMC/acomp/Sudheer/Fire-nest/Retros/RRFS_A/RT/GRIB2/rrfs.20260825/00/rrfs.t00z.2dfld.3km.f000.na.grib2
+ fout=/scratch3/BMC/acomp/Gonzalo.Ferrada/verif/realtime/model_output/RRFS-SD/2026082500/frame_000_aqm_RRFS-SD_2026082500.nc
+ isfile /scratch3/BMC/acomp/Sudheer/Fire-nest/Retros/RRFS_A/RT/GRIB2/rrfs.20260825/00/rrfs.t00z.2dfld.3km.f000.na.grib2
+ local file=/scratch3/BMC/acomp/Sudheer/Fire-nest/Retros/RRFS_A/RT/GRIB2/rrfs.20260825/00/rrfs.t00z.2dfld.3km.f000.na.grib2
+ [[ ! -s /scratch3/BMC/acomp/Sudheer/Fire-nest/Retros/RRFS_A/RT/GRIB2/rrfs.20260825/00/rrfs.t00z.2dfld.3km.f000.na.grib2 ]]
+ echo ==============================================================================
==============================================================================
+ echo 'Working on /scratch3/BMC/acomp/Gonzalo.Ferrada/verif/realtime/model_output/RRFS-SD/2026082500/frame_000_aqm_RRFS-SD_2026082500.nc'
Working on /scratch3/BMC/acomp/Gonzalo.Ferrada/verif/realtime/model_output/RRFS-SD/2026082500/frame_000_aqm_RRFS-SD_2026082500.nc
+ echo 'Extracting GRIB2 variables...'
Extracting GRIB2 variables...
+ extract_grib AOTK /scratch3/BMC/acomp/Sudheer/Fire-nest/Retros/RRFS_A/RT/GRIB2/rrfs.20260825/00/rrfs.t00z.2dfld.3km.f000.na.grib2 /scratch3/BMC/acomp/Gonzalo.Ferrada/verif/realtime/model_output/RRFS-SD/2026082500/frame_000_aqm_RRFS-SD_2026082500_aod.nc AOTK_entireatmosphere_consideredasasinglelayer_ AOD550
+ local match=AOTK
+ local fin=/scratch3/BMC/acomp/Sudheer/Fire-nest/Retros/RRFS_A/RT/GRIB2/rrfs.20260825/00/rrfs.t00z.2dfld.3km.f000.na.grib2
+ local outfile=/scratch3/BMC/acomp/Gonzalo.Ferrada/verif/realtime/model_output/RRFS-SD/2026082500/frame_000_aqm_RRFS-SD_2026082500_aod.nc
+ local rename_from=AOTK_entireatmosphere_consideredasasinglelayer_
+ local rename_to=AOD550
+ wgrib2 -nc_nlev 1 -match AOTK -set center 7 /scratch3/BMC/acomp/Sudheer/Fire-nest/Retros/RRFS_A/RT/GRIB2/rrfs.20260825/00/rrfs.t00z.2dfld.3km.f000.na.grib2 -netcdf /scratch3/BMC/acomp/Gonzalo.Ferrada/verif/realtime/model_output/RRFS-SD/2026082500/frame_000_aqm_RRFS-SD_2026082500_aod.nc
netcdf: doesn't support yet grid_template 1
98:515448197:d=2026082500:AOTK:entire atmosphere (considered as a single layer):anl:
+ [[ -n AOTK_entireatmosphere_consideredasasinglelayer_ ]]
+ ncrename -h -v AOTK_entireatmosphere_consideredasasinglelayer_,AOD550 /scratch3/BMC/acomp/Gonzalo.Ferrada/verif/realtime/model_output/RRFS-SD/2026082500/frame_000_aqm_RRFS-SD_2026082500_aod.nc
+ extract_grib DSWRF /scratch3/BMC/acomp/Sudheer/Fire-nest/Retros/RRFS_A/RT/GRIB2/rrfs.20260825/00/rrfs.t00z.2dfld.3km.f000.na.grib2 /scratch3/BMC/acomp/Gonzalo.Ferrada/verif/realtime/model_output/RRFS-SD/2026082500/frame_000_aqm_RRFS-SD_2026082500_dswrf.nc '' ''
+ local match=DSWRF
+ local fin=/scratch3/BMC/acomp/Sudheer/Fire-nest/Retros/RRFS_A/RT/GRIB2/rrfs.20260825/00/rrfs.t00z.2dfld.3km.f000.na.grib2
+ local outfile=/scratch3/BMC/acomp/Gonzalo.Ferrada/verif/realtime/model_output/RRFS-SD/2026082500/frame_000_aqm_RRFS-SD_2026082500_dswrf.nc
+ local rename_from=
+ local rename_to=
+ wgrib2 -nc_nlev 1 -match DSWRF -set center 7 /scratch3/BMC/acomp/Sudheer/Fire-nest/Retros/RRFS_A/RT/GRIB2/rrfs.20260825/00/rrfs.t00z.2dfld.3km.f000.na.grib2 -netcdf /scratch3/BMC/acomp/Gonzalo.Ferrada/verif/realtime/model_output/RRFS-SD/2026082500/frame_000_aqm_RRFS-SD_2026082500_dswrf.nc
netcdf: doesn't support yet grid_template 1
124:747021726:d=2026082500:DSWRF:surface:anl:
+ [[ -n '' ]]
+ extract_grib VIS /scratch3/BMC/acomp/Sudheer/Fire-nest/Retros/RRFS_A/RT/GRIB2/rrfs.20260825/00/rrfs.t00z.2dfld.3km.f000.na.grib2 /scratch3/BMC/acomp/Gonzalo.Ferrada/verif/realtime/model_output/RRFS-SD/2026082500/frame_000_aqm_RRFS-SD_2026082500_vis.nc '' ''
+ local match=VIS
+ local fin=/scratch3/BMC/acomp/Sudheer/Fire-nest/Retros/RRFS_A/RT/GRIB2/rrfs.20260825/00/rrfs.t00z.2dfld.3km.f000.na.grib2
+ local outfile=/scratch3/BMC/acomp/Gonzalo.Ferrada/verif/realtime/model_output/RRFS-SD/2026082500/frame_000_aqm_RRFS-SD_2026082500_vis.nc
+ local rename_from=
+ local rename_to=
+ wgrib2 -nc_nlev 1 -match VIS -set center 7 /scratch3/BMC/acomp/Sudheer/Fire-nest/Retros/RRFS_A/RT/GRIB2/rrfs.20260825/00/rrfs.t00z.2dfld.3km.f000.na.grib2 -netcdf /scratch3/BMC/acomp/Gonzalo.Ferrada/verif/realtime/model_output/RRFS-SD/2026082500/frame_000_aqm_RRFS-SD_2026082500_vis.nc
netcdf: doesn't support yet grid_template 1
5:21357552:d=2026082500:VIS:surface:anl:
+ [[ -n '' ]]
+ extract_grib 'HGT:cloud ceiling' /scratch3/BMC/acomp/Sudheer/Fire-nest/Retros/RRFS_A/RT/GRIB2/rrfs.20260825/00/rrfs.t00z.2dfld.3km.f000.na.grib2 /scratch3/BMC/acomp/Gonzalo.Ferrada/verif/realtime/model_output/RRFS-SD/2026082500/frame_000_aqm_RRFS-SD_2026082500_ceil.nc '' ''
+ local 'match=HGT:cloud ceiling'
+ local fin=/scratch3/BMC/acomp/Sudheer/Fire-nest/Retros/RRFS_A/RT/GRIB2/rrfs.20260825/00/rrfs.t00z.2dfld.3km.f000.na.grib2
+ local outfile=/scratch3/BMC/acomp/Gonzalo.Ferrada/verif/realtime/model_output/RRFS-SD/2026082500/frame_000_aqm_RRFS-SD_2026082500_ceil.nc
+ local rename_from=
+ local rename_to=
+ wgrib2 -nc_nlev 1 -match 'HGT:cloud ceiling' -set center 7 /scratch3/BMC/acomp/Sudheer/Fire-nest/Retros/RRFS_A/RT/GRIB2/rrfs.20260825/00/rrfs.t00z.2dfld.3km.f000.na.grib2 -netcdf /scratch3/BMC/acomp/Gonzalo.Ferrada/verif/realtime/model_output/RRFS-SD/2026082500/frame_000_aqm_RRFS-SD_2026082500_ceil.nc
netcdf: doesn't support yet grid_template 1
115:626717559:d=2026082500:HGT:cloud ceiling:anl:
+ [[ -n '' ]]
+ extract_grib 'Dust dry:aerosol_size <2.5e-06' /scratch3/BMC/acomp/Sudheer/Fire-nest/Retros/RRFS_A/RT/GRIB2/rrfs.20260825/00/rrfs.t00z.2dfld.3km.f000.na.grib2 /scratch3/BMC/acomp/Gonzalo.Ferrada/verif/realtime/model_output/RRFS-SD/2026082500/frame_000_aqm_RRFS-SD_2026082500_dust_fine.nc MASSDEN_8maboveground dust_fine
+ local 'match=Dust dry:aerosol_size <2.5e-06'
+ local fin=/scratch3/BMC/acomp/Sudheer/Fire-nest/Retros/RRFS_A/RT/GRIB2/rrfs.20260825/00/rrfs.t00z.2dfld.3km.f000.na.grib2
+ local outfile=/scratch3/BMC/acomp/Gonzalo.Ferrada/verif/realtime/model_output/RRFS-SD/2026082500/frame_000_aqm_RRFS-SD_2026082500_dust_fine.nc
+ local rename_from=MASSDEN_8maboveground
+ local rename_to=dust_fine
+ wgrib2 -nc_nlev 1 -match 'Dust dry:aerosol_size <2.5e-06' -set center 7 /scratch3/BMC/acomp/Sudheer/Fire-nest/Retros/RRFS_A/RT/GRIB2/rrfs.20260825/00/rrfs.t00z.2dfld.3km.f000.na.grib2 -netcdf /scratch3/BMC/acomp/Gonzalo.Ferrada/verif/realtime/model_output/RRFS-SD/2026082500/frame_000_aqm_RRFS-SD_2026082500_dust_fine.nc
netcdf: doesn't support yet grid_template 1
64:365324368:d=2026082500:MASSDEN:8 m above ground:anl:aerosol=Dust dry:aerosol_size <2.5e-06:
100:532869135:d=2026082500:COLMD:entire atmosphere (considered as a single layer):anl:aerosol=Dust dry:aerosol_size <2.5e-06:
+ [[ -n MASSDEN_8maboveground ]]
+ ncrename -h -v MASSDEN_8maboveground,dust_fine /scratch3/BMC/acomp/Gonzalo.Ferrada/verif/realtime/model_output/RRFS-SD/2026082500/frame_000_aqm_RRFS-SD_2026082500_dust_fine.nc
+ extract_grib 'Dust dry:aerosol_size >=2.5e-06' /scratch3/BMC/acomp/Sudheer/Fire-nest/Retros/RRFS_A/RT/GRIB2/rrfs.20260825/00/rrfs.t00z.2dfld.3km.f000.na.grib2 /scratch3/BMC/acomp/Gonzalo.Ferrada/verif/realtime/model_output/RRFS-SD/2026082500/frame_000_aqm_RRFS-SD_2026082500_dust_coarse.nc MASSDEN_8maboveground dust_coarse
+ local 'match=Dust dry:aerosol_size >=2.5e-06'
+ local fin=/scratch3/BMC/acomp/Sudheer/Fire-nest/Retros/RRFS_A/RT/GRIB2/rrfs.20260825/00/rrfs.t00z.2dfld.3km.f000.na.grib2
+ local outfile=/scratch3/BMC/acomp/Gonzalo.Ferrada/verif/realtime/model_output/RRFS-SD/2026082500/frame_000_aqm_RRFS-SD_2026082500_dust_coarse.nc
+ local rename_from=MASSDEN_8maboveground
+ local rename_to=dust_coarse
+ wgrib2 -nc_nlev 1 -match 'Dust dry:aerosol_size >=2.5e-06' -set center 7 /scratch3/BMC/acomp/Sudheer/Fire-nest/Retros/RRFS_A/RT/GRIB2/rrfs.20260825/00/rrfs.t00z.2dfld.3km.f000.na.grib2 -netcdf /scratch3/BMC/acomp/Gonzalo.Ferrada/verif/realtime/model_output/RRFS-SD/2026082500/frame_000_aqm_RRFS-SD_2026082500_dust_coarse.nc
netcdf: doesn't support yet grid_template 1
65:367794610:d=2026082500:MASSDEN:8 m above ground:anl:aerosol=Dust dry:aerosol_size >=2.5e-06,<1e-05:
101:536698402:d=2026082500:COLMD:entire atmosphere (considered as a single layer):anl:aerosol=Dust dry:aerosol_size >=2.5e-06,<1e-05:
+ [[ -n MASSDEN_8maboveground ]]
+ ncrename -h -v MASSDEN_8maboveground,dust_coarse /scratch3/BMC/acomp/Gonzalo.Ferrada/verif/realtime/model_output/RRFS-SD/2026082500/frame_000_aqm_RRFS-SD_2026082500_dust_coarse.nc
+ extract_grib organic /scratch3/BMC/acomp/Sudheer/Fire-nest/Retros/RRFS_A/RT/GRIB2/rrfs.20260825/00/rrfs.t00z.2dfld.3km.f000.na.grib2 /scratch3/BMC/acomp/Gonzalo.Ferrada/verif/realtime/model_output/RRFS-SD/2026082500/frame_000_aqm_RRFS-SD_2026082500_smoke.nc MASSDEN_8maboveground smoke
+ local match=organic
+ local fin=/scratch3/BMC/acomp/Sudheer/Fire-nest/Retros/RRFS_A/RT/GRIB2/rrfs.20260825/00/rrfs.t00z.2dfld.3km.f000.na.grib2
+ local outfile=/scratch3/BMC/acomp/Gonzalo.Ferrada/verif/realtime/model_output/RRFS-SD/2026082500/frame_000_aqm_RRFS-SD_2026082500_smoke.nc
+ local rename_from=MASSDEN_8maboveground
+ local rename_to=smoke
+ wgrib2 -nc_nlev 1 -match organic -set center 7 /scratch3/BMC/acomp/Sudheer/Fire-nest/Retros/RRFS_A/RT/GRIB2/rrfs.20260825/00/rrfs.t00z.2dfld.3km.f000.na.grib2 -netcdf /scratch3/BMC/acomp/Gonzalo.Ferrada/verif/realtime/model_output/RRFS-SD/2026082500/frame_000_aqm_RRFS-SD_2026082500_smoke.nc
netcdf: doesn't support yet grid_template 1
63:361953421:d=2026082500:MASSDEN:8 m above ground:anl:aerosol=Particulate organic matter dry:aerosol_size <2.5e-06:
99:528189600:d=2026082500:COLMD:entire atmosphere (considered as a single layer):anl:aerosol=Particulate organic matter dry:aerosol_size <2.5e-06:
104:551667325:d=2026082500:AEMFLX:entire atmosphere (considered as a single layer):anl:aerosol=Particulate organic matter dry:aerosol_size <2.5e-06:
+ [[ -n MASSDEN_8maboveground ]]
+ ncrename -h -v MASSDEN_8maboveground,smoke /scratch3/BMC/acomp/Gonzalo.Ferrada/verif/realtime/model_output/RRFS-SD/2026082500/frame_000_aqm_RRFS-SD_2026082500_smoke.nc
+ extract_grib ':(UGRD|VGRD):10 m above ground:' /scratch3/BMC/acomp/Sudheer/Fire-nest/Retros/RRFS_A/RT/GRIB2/rrfs.20260825/00/rrfs.t00z.2dfld.3km.f000.na.grib2 /scratch3/BMC/acomp/Gonzalo.Ferrada/verif/realtime/model_output/RRFS-SD/2026082500/frame_000_aqm_RRFS-SD_2026082500_wind.nc '' ''
+ local 'match=:(UGRD|VGRD):10 m above ground:'
+ local fin=/scratch3/BMC/acomp/Sudheer/Fire-nest/Retros/RRFS_A/RT/GRIB2/rrfs.20260825/00/rrfs.t00z.2dfld.3km.f000.na.grib2
+ local outfile=/scratch3/BMC/acomp/Gonzalo.Ferrada/verif/realtime/model_output/RRFS-SD/2026082500/frame_000_aqm_RRFS-SD_2026082500_wind.nc
+ local rename_from=
+ local rename_to=
+ wgrib2 -nc_nlev 1 -match ':(UGRD|VGRD):10 m above ground:' -set center 7 /scratch3/BMC/acomp/Sudheer/Fire-nest/Retros/RRFS_A/RT/GRIB2/rrfs.20260825/00/rrfs.t00z.2dfld.3km.f000.na.grib2 -netcdf /scratch3/BMC/acomp/Gonzalo.Ferrada/verif/realtime/model_output/RRFS-SD/2026082500/frame_000_aqm_RRFS-SD_2026082500_wind.nc
netcdf: doesn't support yet grid_template 1
66:369726309:d=2026082500:UGRD:10 m above ground:anl:
67:381053058:d=2026082500:VGRD:10 m above ground:anl:
+ [[ -n '' ]]
+ extract_grib ':(DPT|TMP):2 m above ground:' /scratch3/BMC/acomp/Sudheer/Fire-nest/Retros/RRFS_A/RT/GRIB2/rrfs.20260825/00/rrfs.t00z.2dfld.3km.f000.na.grib2 /scratch3/BMC/acomp/Gonzalo.Ferrada/verif/realtime/model_output/RRFS-SD/2026082500/frame_000_aqm_RRFS-SD_2026082500_temp.nc '' ''
+ local 'match=:(DPT|TMP):2 m above ground:'
+ local fin=/scratch3/BMC/acomp/Sudheer/Fire-nest/Retros/RRFS_A/RT/GRIB2/rrfs.20260825/00/rrfs.t00z.2dfld.3km.f000.na.grib2
+ local outfile=/scratch3/BMC/acomp/Gonzalo.Ferrada/verif/realtime/model_output/RRFS-SD/2026082500/frame_000_aqm_RRFS-SD_2026082500_temp.nc
+ local rename_from=
+ local rename_to=
+ wgrib2 -nc_nlev 1 -match ':(DPT|TMP):2 m above ground:' -set center 7 /scratch3/BMC/acomp/Sudheer/Fire-nest/Retros/RRFS_A/RT/GRIB2/rrfs.20260825/00/rrfs.t00z.2dfld.3km.f000.na.grib2 -netcdf /scratch3/BMC/acomp/Gonzalo.Ferrada/verif/realtime/model_output/RRFS-SD/2026082500/frame_000_aqm_RRFS-SD_2026082500_temp.nc
netcdf: doesn't support yet grid_template 1
58:313592444:d=2026082500:TMP:2 m above ground:anl:
60:333942329:d=2026082500:DPT:2 m above ground:anl:
+ [[ -n '' ]]
+ extract_grib APCP /scratch3/BMC/acomp/Sudheer/Fire-nest/Retros/RRFS_A/RT/GRIB2/rrfs.20260825/00/rrfs.t00z.2dfld.3km.f000.na.grib2 /scratch3/BMC/acomp/Gonzalo.Ferrada/verif/realtime/model_output/RRFS-SD/2026082500/frame_000_aqm_RRFS-SD_2026082500_precip.nc '' ''
+ local match=APCP
+ local fin=/scratch3/BMC/acomp/Sudheer/Fire-nest/Retros/RRFS_A/RT/GRIB2/rrfs.20260825/00/rrfs.t00z.2dfld.3km.f000.na.grib2
+ local outfile=/scratch3/BMC/acomp/Gonzalo.Ferrada/verif/realtime/model_output/RRFS-SD/2026082500/frame_000_aqm_RRFS-SD_2026082500_precip.nc
+ local rename_from=
+ local rename_to=
+ wgrib2 -nc_nlev 1 -match APCP -set center 7 /scratch3/BMC/acomp/Sudheer/Fire-nest/Retros/RRFS_A/RT/GRIB2/rrfs.20260825/00/rrfs.t00z.2dfld.3km.f000.na.grib2 -netcdf /scratch3/BMC/acomp/Gonzalo.Ferrada/verif/realtime/model_output/RRFS-SD/2026082500/frame_000_aqm_RRFS-SD_2026082500_precip.nc
+ [[ -n '' ]]
+ echo 'Calculations (ncap2)...'
Calculations (ncap2)...
+ ncap2 -O -h -s 'WIND_10maboveground=float(sqrt(UGRD_10maboveground^2 + VGRD_10maboveground^2))' /scratch3/BMC/acomp/Gonzalo.Ferrada/verif/realtime/model_output/RRFS-SD/2026082500/frame_000_aqm_RRFS-SD_2026082500_wind.nc /scratch3/BMC/acomp/Gonzalo.Ferrada/verif/realtime/model_output/RRFS-SD/2026082500/frame_000_aqm_RRFS-SD_2026082500_wind.nc
+ ncap2 -O -h -s 'WDIR_10maboveground=float(180.+(180./3.14159)*atan2(UGRD_10maboveground,VGRD_10maboveground))' /scratch3/BMC/acomp/Gonzalo.Ferrada/verif/realtime/model_output/RRFS-SD/2026082500/frame_000_aqm_RRFS-SD_2026082500_wind.nc /scratch3/BMC/acomp/Gonzalo.Ferrada/verif/realtime/model_output/RRFS-SD/2026082500/frame_000_aqm_RRFS-SD_2026082500_wind.nc
+ ncap2 -O -h -s 'TMP_2maboveground=float(TMP_2maboveground-273.15)' /scratch3/BMC/acomp/Gonzalo.Ferrada/verif/realtime/model_output/RRFS-SD/2026082500/frame_000_aqm_RRFS-SD_2026082500_temp.nc /scratch3/BMC/acomp/Gonzalo.Ferrada/verif/realtime/model_output/RRFS-SD/2026082500/frame_000_aqm_RRFS-SD_2026082500_temp.nc
+ ncap2 -O -h -s 'DPT_2maboveground=float(DPT_2maboveground-273.15)' /scratch3/BMC/acomp/Gonzalo.Ferrada/verif/realtime/model_output/RRFS-SD/2026082500/frame_000_aqm_RRFS-SD_2026082500_temp.nc /scratch3/BMC/acomp/Gonzalo.Ferrada/verif/realtime/model_output/RRFS-SD/2026082500/frame_000_aqm_RRFS-SD_2026082500_temp.nc
+ ncap2 -O -h -s 'dust_fine=float(1.e9*dust_fine)' /scratch3/BMC/acomp/Gonzalo.Ferrada/verif/realtime/model_output/RRFS-SD/2026082500/frame_000_aqm_RRFS-SD_2026082500_dust_fine.nc /scratch3/BMC/acomp/Gonzalo.Ferrada/verif/realtime/model_output/RRFS-SD/2026082500/frame_000_aqm_RRFS-SD_2026082500_dust_fine.nc
+ ncap2 -O -h -s 'dust_coarse=float(1.e9*dust_coarse)' /scratch3/BMC/acomp/Gonzalo.Ferrada/verif/realtime/model_output/RRFS-SD/2026082500/frame_000_aqm_RRFS-SD_2026082500_dust_coarse.nc /scratch3/BMC/acomp/Gonzalo.Ferrada/verif/realtime/model_output/RRFS-SD/2026082500/frame_000_aqm_RRFS-SD_2026082500_dust_coarse.nc
+ ncap2 -O -h -s 'smoke=float(1.e9*smoke)' /scratch3/BMC/acomp/Gonzalo.Ferrada/verif/realtime/model_output/RRFS-SD/2026082500/frame_000_aqm_RRFS-SD_2026082500_smoke.nc /scratch3/BMC/acomp/Gonzalo.Ferrada/verif/realtime/model_output/RRFS-SD/2026082500/frame_000_aqm_RRFS-SD_2026082500_smoke.nc
+ ncap2 -O -h -s 'VIS_surface=float(0.000621371*VIS_surface)' /scratch3/BMC/acomp/Gonzalo.Ferrada/verif/realtime/model_output/RRFS-SD/2026082500/frame_000_aqm_RRFS-SD_2026082500_vis.nc /scratch3/BMC/acomp/Gonzalo.Ferrada/verif/realtime/model_output/RRFS-SD/2026082500/frame_000_aqm_RRFS-SD_2026082500_vis.nc
+ ncap2 -O -h -s 'where(VIS_surface>10.0) VIS_surface=10.0' /scratch3/BMC/acomp/Gonzalo.Ferrada/verif/realtime/model_output/RRFS-SD/2026082500/frame_000_aqm_RRFS-SD_2026082500_vis.nc /scratch3/BMC/acomp/Gonzalo.Ferrada/verif/realtime/model_output/RRFS-SD/2026082500/frame_000_aqm_RRFS-SD_2026082500_vis.nc
+ echo 'Merging to /scratch3/BMC/acomp/Gonzalo.Ferrada/verif/realtime/model_output/RRFS-SD/2026082500/frame_000_aqm_RRFS-SD_2026082500.nc...'
Merging to /scratch3/BMC/acomp/Gonzalo.Ferrada/verif/realtime/model_output/RRFS-SD/2026082500/frame_000_aqm_RRFS-SD_2026082500.nc...
+ ncks -A -h /scratch3/BMC/acomp/Gonzalo.Ferrada/verif/realtime/model_output/RRFS-SD/2026082500/frame_000_aqm_RRFS-SD_2026082500_aod.nc /scratch3/BMC/acomp/Gonzalo.Ferrada/verif/realtime/model_output/RRFS-SD/2026082500/frame_000_aqm_RRFS-SD_2026082500.nc
+ ncks -A -h -v DSWRF_surface /scratch3/BMC/acomp/Gonzalo.Ferrada/verif/realtime/model_output/RRFS-SD/2026082500/frame_000_aqm_RRFS-SD_2026082500_dswrf.nc /scratch3/BMC/acomp/Gonzalo.Ferrada/verif/realtime/model_output/RRFS-SD/2026082500/frame_000_aqm_RRFS-SD_2026082500.nc
+ ncks -A -h -v VIS_surface /scratch3/BMC/acomp/Gonzalo.Ferrada/verif/realtime/model_output/RRFS-SD/2026082500/frame_000_aqm_RRFS-SD_2026082500_vis.nc /scratch3/BMC/acomp/Gonzalo.Ferrada/verif/realtime/model_output/RRFS-SD/2026082500/frame_000_aqm_RRFS-SD_2026082500.nc
+ ncks -A -h -v HGT_cloudceiling /scratch3/BMC/acomp/Gonzalo.Ferrada/verif/realtime/model_output/RRFS-SD/2026082500/frame_000_aqm_RRFS-SD_2026082500_ceil.nc /scratch3/BMC/acomp/Gonzalo.Ferrada/verif/realtime/model_output/RRFS-SD/2026082500/frame_000_aqm_RRFS-SD_2026082500.nc
+ ncks -A -h -v dust_fine /scratch3/BMC/acomp/Gonzalo.Ferrada/verif/realtime/model_output/RRFS-SD/2026082500/frame_000_aqm_RRFS-SD_2026082500_dust_fine.nc /scratch3/BMC/acomp/Gonzalo.Ferrada/verif/realtime/model_output/RRFS-SD/2026082500/frame_000_aqm_RRFS-SD_2026082500.nc
+ ncks -A -h -v dust_coarse /scratch3/BMC/acomp/Gonzalo.Ferrada/verif/realtime/model_output/RRFS-SD/2026082500/frame_000_aqm_RRFS-SD_2026082500_dust_coarse.nc /scratch3/BMC/acomp/Gonzalo.Ferrada/verif/realtime/model_output/RRFS-SD/2026082500/frame_000_aqm_RRFS-SD_2026082500.nc
+ ncks -A -h -v smoke /scratch3/BMC/acomp/Gonzalo.Ferrada/verif/realtime/model_output/RRFS-SD/2026082500/frame_000_aqm_RRFS-SD_2026082500_smoke.nc /scratch3/BMC/acomp/Gonzalo.Ferrada/verif/realtime/model_output/RRFS-SD/2026082500/frame_000_aqm_RRFS-SD_2026082500.nc
+ ncks -A -h -v WIND_10maboveground,WDIR_10maboveground /scratch3/BMC/acomp/Gonzalo.Ferrada/verif/realtime/model_output/RRFS-SD/2026082500/frame_000_aqm_RRFS-SD_2026082500_wind.nc /scratch3/BMC/acomp/Gonzalo.Ferrada/verif/realtime/model_output/RRFS-SD/2026082500/frame_000_aqm_RRFS-SD_2026082500.nc
+ ncks -A -h -v TMP_2maboveground,DPT_2maboveground /scratch3/BMC/acomp/Gonzalo.Ferrada/verif/realtime/model_output/RRFS-SD/2026082500/frame_000_aqm_RRFS-SD_2026082500_temp.nc /scratch3/BMC/acomp/Gonzalo.Ferrada/verif/realtime/model_output/RRFS-SD/2026082500/frame_000_aqm_RRFS-SD_2026082500.nc
+ ncks -A -h -v APCP_surface /scratch3/BMC/acomp/Gonzalo.Ferrada/verif/realtime/model_output/RRFS-SD/2026082500/frame_000_aqm_RRFS-SD_2026082500_precip.nc /scratch3/BMC/acomp/Gonzalo.Ferrada/verif/realtime/model_output/RRFS-SD/2026082500/frame_000_aqm_RRFS-SD_2026082500.nc
ncks: ERROR file "/scratch3/BMC/acomp/Gonzalo.Ferrada/verif/realtime/model_output/RRFS-SD/2026082500/frame_000_aqm_RRFS-SD_2026082500_precip.nc" not found. It does not exist on the local filesystem, nor does it match remote filename patterns (e.g., http://foo or foo.bar.edu:file).
ncks: HINT file-not-found errors usually arise from filename typos, incorrect paths, missing files, or capricious gods. Please verify spelling and location of requested file. If the file resides on a High Performance Storage System (HPSS) accessible via the 'hsi' command, then add the --hpss option and re-try command.
+ echo 'Deleting intermediate files...'
Deleting intermediate files...
+ rm -f /scratch3/BMC/acomp/Gonzalo.Ferrada/verif/realtime/model_output/RRFS-SD/2026082500/frame_000_aqm_RRFS-SD_2026082500_aod.nc /scratch3/BMC/acomp/Gonzalo.Ferrada/verif/realtime/model_output/RRFS-SD/2026082500/frame_000_aqm_RRFS-SD_2026082500_ceil.nc /scratch3/BMC/acomp/Gonzalo.Ferrada/verif/realtime/model_output/RRFS-SD/2026082500/frame_000_aqm_RRFS-SD_2026082500_dswrf.nc /scratch3/BMC/acomp/Gonzalo.Ferrada/verif/realtime/model_output/RRFS-SD/2026082500/frame_000_aqm_RRFS-SD_2026082500_dust_coarse.nc /scratch3/BMC/acomp/Gonzalo.Ferrada/verif/realtime/model_output/RRFS-SD/2026082500/frame_000_aqm_RRFS-SD_2026082500_dust_fine.nc /scratch3/BMC/acomp/Gonzalo.Ferrada/verif/realtime/model_output/RRFS-SD/2026082500/frame_000_aqm_RRFS-SD_2026082500_smoke.nc /scratch3/BMC/acomp/Gonzalo.Ferrada/verif/realtime/model_output/RRFS-SD/2026082500/frame_000_aqm_RRFS-SD_2026082500_temp.nc /scratch3/BMC/acomp/Gonzalo.Ferrada/verif/realtime/model_output/RRFS-SD/2026082500/frame_000_aqm_RRFS-SD_2026082500_vis.nc /scratch3/BMC/acomp/Gonzalo.Ferrada/verif/realtime/model_output/RRFS-SD/2026082500/frame_000_aqm_RRFS-SD_2026082500_wind.nc
+ echo 'Final calculations...'
Final calculations...
+ ncap2 -h -O -s 'pm25=float(dust_fine+smoke)' /scratch3/BMC/acomp/Gonzalo.Ferrada/verif/realtime/model_output/RRFS-SD/2026082500/frame_000_aqm_RRFS-SD_2026082500.nc /scratch3/BMC/acomp/Gonzalo.Ferrada/verif/realtime/model_output/RRFS-SD/2026082500/frame_000_aqm_RRFS-SD_2026082500.nc
+ ncap2 -h -O -s 'pm10=float(pm25+dust_coarse)' /scratch3/BMC/acomp/Gonzalo.Ferrada/verif/realtime/model_output/RRFS-SD/2026082500/frame_000_aqm_RRFS-SD_2026082500.nc /scratch3/BMC/acomp/Gonzalo.Ferrada/verif/realtime/model_output/RRFS-SD/2026082500/frame_000_aqm_RRFS-SD_2026082500.nc
+ ncap2 -h -O -s lat=latitude -s lon=longitude /scratch3/BMC/acomp/Gonzalo.Ferrada/verif/realtime/model_output/RRFS-SD/2026082500/frame_000_aqm_RRFS-SD_2026082500.nc /scratch3/BMC/acomp/Gonzalo.Ferrada/verif/realtime/model_output/RRFS-SD/2026082500/frame_000_aqm_RRFS-SD_2026082500.nc
+ ncks -h -O -x -v hlevel /scratch3/BMC/acomp/Gonzalo.Ferrada/verif/realtime/model_output/RRFS-SD/2026082500/frame_000_aqm_RRFS-SD_2026082500.nc /scratch3/BMC/acomp/Gonzalo.Ferrada/verif/realtime/model_output/RRFS-SD/2026082500/frame_000_aqm_RRFS-SD_2026082500.nc
+ echo Compressing...
Compressing...
+ ncks -O -4 -L 3 /scratch3/BMC/acomp/Gonzalo.Ferrada/verif/realtime/model_output/RRFS-SD/2026082500/frame_000_aqm_RRFS-SD_2026082500.nc /scratch3/BMC/acomp/Gonzalo.Ferrada/verif/realtime/model_output/RRFS-SD/2026082500/frame_000_aqm_RRFS-SD_2026082500.nc
+ isfile /scratch3/BMC/acomp/Gonzalo.Ferrada/verif/realtime/model_output/RRFS-SD/2026082500/frame_000_aqm_RRFS-SD_2026082500.nc
+ local file=/scratch3/BMC/acomp/Gonzalo.Ferrada/verif/realtime/model_output/RRFS-SD/2026082500/frame_000_aqm_RRFS-SD_2026082500.nc
+ [[ ! -s /scratch3/BMC/acomp/Gonzalo.Ferrada/verif/realtime/model_output/RRFS-SD/2026082500/frame_000_aqm_RRFS-SD_2026082500.nc ]]
+ echo '/scratch3/BMC/acomp/Gonzalo.Ferrada/verif/realtime/model_output/RRFS-SD/2026082500/frame_000_aqm_RRFS-SD_2026082500.nc created!'
/scratch3/BMC/acomp/Gonzalo.Ferrada/verif/realtime/model_output/RRFS-SD/2026082500/frame_000_aqm_RRFS-SD_2026082500.nc created!
+ (( hh+=MODEL_DT  ))
+ (( hh<=LEAD_HH_END ))
+ printf -v HHH %03d 1
+ fin=/scratch3/BMC/acomp/Sudheer/Fire-nest/Retros/RRFS_A/RT/GRIB2/rrfs.20260825/00/rrfs.t00z.2dfld.3km.f001.na.grib2
+ fout=/scratch3/BMC/acomp/Gonzalo.Ferrada/verif/realtime/model_output/RRFS-SD/2026082500/frame_001_aqm_RRFS-SD_2026082500.nc
+ isfile /scratch3/BMC/acomp/Sudheer/Fire-nest/Retros/RRFS_A/RT/GRIB2/rrfs.20260825/00/rrfs.t00z.2dfld.3km.f001.na.grib2
+ local file=/scratch3/BMC/acomp/Sudheer/Fire-nest/Retros/RRFS_A/RT/GRIB2/rrfs.20260825/00/rrfs.t00z.2dfld.3km.f001.na.grib2
+ [[ ! -s /scratch3/BMC/acomp/Sudheer/Fire-nest/Retros/RRFS_A/RT/GRIB2/rrfs.20260825/00/rrfs.t00z.2dfld.3km.f001.na.grib2 ]]
+ echo ==============================================================================
==============================================================================
+ echo 'Working on /scratch3/BMC/acomp/Gonzalo.Ferrada/verif/realtime/model_output/RRFS-SD/2026082500/frame_001_aqm_RRFS-SD_2026082500.nc'
Working on /scratch3/BMC/acomp/Gonzalo.Ferrada/verif/realtime/model_output/RRFS-SD/2026082500/frame_001_aqm_RRFS-SD_2026082500.nc
+ echo 'Extracting GRIB2 variables...'
Extracting GRIB2 variables...
+ extract_grib AOTK /scratch3/BMC/acomp/Sudheer/Fire-nest/Retros/RRFS_A/RT/GRIB2/rrfs.20260825/00/rrfs.t00z.2dfld.3km.f001.na.grib2 /scratch3/BMC/acomp/Gonzalo.Ferrada/verif/realtime/model_output/RRFS-SD/2026082500/frame_001_aqm_RRFS-SD_2026082500_aod.nc AOTK_entireatmosphere_consideredasasinglelayer_ AOD550
+ local match=AOTK
+ local fin=/scratch3/BMC/acomp/Sudheer/Fire-nest/Retros/RRFS_A/RT/GRIB2/rrfs.20260825/00/rrfs.t00z.2dfld.3km.f001.na.grib2
+ local outfile=/scratch3/BMC/acomp/Gonzalo.Ferrada/verif/realtime/model_output/RRFS-SD/2026082500/frame_001_aqm_RRFS-SD_2026082500_aod.nc
+ local rename_from=AOTK_entireatmosphere_consideredasasinglelayer_
+ local rename_to=AOD550
+ wgrib2 -nc_nlev 1 -match AOTK -set center 7 /scratch3/BMC/acomp/Sudheer/Fire-nest/Retros/RRFS_A/RT/GRIB2/rrfs.20260825/00/rrfs.t00z.2dfld.3km.f001.na.grib2 -netcdf /scratch3/BMC/acomp/Gonzalo.Ferrada/verif/realtime/model_output/RRFS-SD/2026082500/frame_001_aqm_RRFS-SD_2026082500_aod.nc
netcdf: doesn't support yet grid_template 1
144:718505807:d=2026082500:AOTK:entire atmosphere (considered as a single layer):1 hour fcst:
+ [[ -n AOTK_entireatmosphere_consideredasasinglelayer_ ]]
+ ncrename -h -v AOTK_entireatmosphere_consideredasasinglelayer_,AOD550 /scratch3/BMC/acomp/Gonzalo.Ferrada/verif/realtime/model_output/RRFS-SD/2026082500/frame_001_aqm_RRFS-SD_2026082500_aod.nc
+ extract_grib DSWRF /scratch3/BMC/acomp/Sudheer/Fire-nest/Retros/RRFS_A/RT/GRIB2/rrfs.20260825/00/rrfs.t00z.2dfld.3km.f001.na.grib2 /scratch3/BMC/acomp/Gonzalo.Ferrada/verif/realtime/model_output/RRFS-SD/2026082500/frame_001_aqm_RRFS-SD_2026082500_dswrf.nc '' ''
+ local match=DSWRF
+ local fin=/scratch3/BMC/acomp/Sudheer/Fire-nest/Retros/RRFS_A/RT/GRIB2/rrfs.20260825/00/rrfs.t00z.2dfld.3km.f001.na.grib2
+ local outfile=/scratch3/BMC/acomp/Gonzalo.Ferrada/verif/realtime/model_output/RRFS-SD/2026082500/frame_001_aqm_RRFS-SD_2026082500_dswrf.nc
+ local rename_from=
+ local rename_to=
+ wgrib2 -nc_nlev 1 -match DSWRF -set center 7 /scratch3/BMC/acomp/Sudheer/Fire-nest/Retros/RRFS_A/RT/GRIB2/rrfs.20260825/00/rrfs.t00z.2dfld.3km.f001.na.grib2 -netcdf /scratch3/BMC/acomp/Gonzalo.Ferrada/verif/realtime/model_output/RRFS-SD/2026082500/frame_001_aqm_RRFS-SD_2026082500_dswrf.nc
netcdf: doesn't support yet grid_template 1
170:945883214:d=2026082500:DSWRF:surface:0-1 hour ave fcst:
177:1000551800:d=2026082500:DSWRF:surface:1 hour fcst:
+ [[ -n '' ]]
+ extract_grib VIS /scratch3/BMC/acomp/Sudheer/Fire-nest/Retros/RRFS_A/RT/GRIB2/rrfs.20260825/00/rrfs.t00z.2dfld.3km.f001.na.grib2 /scratch3/BMC/acomp/Gonzalo.Ferrada/verif/realtime/model_output/RRFS-SD/2026082500/frame_001_aqm_RRFS-SD_2026082500_vis.nc '' ''
+ local match=VIS
+ local fin=/scratch3/BMC/acomp/Sudheer/Fire-nest/Retros/RRFS_A/RT/GRIB2/rrfs.20260825/00/rrfs.t00z.2dfld.3km.f001.na.grib2
+ local outfile=/scratch3/BMC/acomp/Gonzalo.Ferrada/verif/realtime/model_output/RRFS-SD/2026082500/frame_001_aqm_RRFS-SD_2026082500_vis.nc
+ local rename_from=
+ local rename_to=
+ wgrib2 -nc_nlev 1 -match VIS -set center 7 /scratch3/BMC/acomp/Sudheer/Fire-nest/Retros/RRFS_A/RT/GRIB2/rrfs.20260825/00/rrfs.t00z.2dfld.3km.f001.na.grib2 -netcdf /scratch3/BMC/acomp/Gonzalo.Ferrada/verif/realtime/model_output/RRFS-SD/2026082500/frame_001_aqm_RRFS-SD_2026082500_vis.nc
netcdf: doesn't support yet grid_template 1
5:23736672:d=2026082500:VIS:surface:1 hour fcst:
+ [[ -n '' ]]
+ extract_grib 'HGT:cloud ceiling' /scratch3/BMC/acomp/Sudheer/Fire-nest/Retros/RRFS_A/RT/GRIB2/rrfs.20260825/00/rrfs.t00z.2dfld.3km.f001.na.grib2 /scratch3/BMC/acomp/Gonzalo.Ferrada/verif/realtime/model_output/RRFS-SD/2026082500/frame_001_aqm_RRFS-SD_2026082500_ceil.nc '' ''
+ local 'match=HGT:cloud ceiling'
+ local fin=/scratch3/BMC/acomp/Sudheer/Fire-nest/Retros/RRFS_A/RT/GRIB2/rrfs.20260825/00/rrfs.t00z.2dfld.3km.f001.na.grib2
+ local outfile=/scratch3/BMC/acomp/Gonzalo.Ferrada/verif/realtime/model_output/RRFS-SD/2026082500/frame_001_aqm_RRFS-SD_2026082500_ceil.nc
+ local rename_from=
+ local rename_to=
+ wgrib2 -nc_nlev 1 -match 'HGT:cloud ceiling' -set center 7 /scratch3/BMC/acomp/Sudheer/Fire-nest/Retros/RRFS_A/RT/GRIB2/rrfs.20260825/00/rrfs.t00z.2dfld.3km.f001.na.grib2 -netcdf /scratch3/BMC/acomp/Gonzalo.Ferrada/verif/realtime/model_output/RRFS-SD/2026082500/frame_001_aqm_RRFS-SD_2026082500_ceil.nc
netcdf: doesn't support yet grid_template 1
162:838610069:d=2026082500:HGT:cloud ceiling:1 hour fcst:
+ [[ -n '' ]]
+ extract_grib 'Dust dry:aerosol_size <2.5e-06' /scratch3/BMC/acomp/Sudheer/Fire-nest/Retros/RRFS_A/RT/GRIB2/rrfs.20260825/00/rrfs.t00z.2dfld.3km.f001.na.grib2 /scratch3/BMC/acomp/Gonzalo.Ferrada/verif/realtime/model_output/RRFS-SD/2026082500/frame_001_aqm_RRFS-SD_2026082500_dust_fine.nc MASSDEN_8maboveground dust_fine
+ local 'match=Dust dry:aerosol_size <2.5e-06'
+ local fin=/scratch3/BMC/acomp/Sudheer/Fire-nest/Retros/RRFS_A/RT/GRIB2/rrfs.20260825/00/rrfs.t00z.2dfld.3km.f001.na.grib2
+ local outfile=/scratch3/BMC/acomp/Gonzalo.Ferrada/verif/realtime/model_output/RRFS-SD/2026082500/frame_001_aqm_RRFS-SD_2026082500_dust_fine.nc
+ local rename_from=MASSDEN_8maboveground
+ local rename_to=dust_fine
+ wgrib2 -nc_nlev 1 -match 'Dust dry:aerosol_size <2.5e-06' -set center 7 /scratch3/BMC/acomp/Sudheer/Fire-nest/Retros/RRFS_A/RT/GRIB2/rrfs.20260825/00/rrfs.t00z.2dfld.3km.f001.na.grib2 -netcdf /scratch3/BMC/acomp/Gonzalo.Ferrada/verif/realtime/model_output/RRFS-SD/2026082500/frame_001_aqm_RRFS-SD_2026082500_dust_fine.nc
netcdf: doesn't support yet grid_template 1
84:486630835:d=2026082500:MASSDEN:8 m above ground:1 hour fcst:aerosol=Dust dry:aerosol_size <2.5e-06:
146:735463050:d=2026082500:COLMD:entire atmosphere (considered as a single layer):1 hour fcst:aerosol=Dust dry:aerosol_size <2.5e-06:
+ [[ -n MASSDEN_8maboveground ]]
+ ncrename -h -v MASSDEN_8maboveground,dust_fine /scratch3/BMC/acomp/Gonzalo.Ferrada/verif/realtime/model_output/RRFS-SD/2026082500/frame_001_aqm_RRFS-SD_2026082500_dust_fine.nc
+ extract_grib 'Dust dry:aerosol_size >=2.5e-06' /scratch3/BMC/acomp/Sudheer/Fire-nest/Retros/RRFS_A/RT/GRIB2/rrfs.20260825/00/rrfs.t00z.2dfld.3km.f001.na.grib2 /scratch3/BMC/acomp/Gonzalo.Ferrada/verif/realtime/model_output/RRFS-SD/2026082500/frame_001_aqm_RRFS-SD_2026082500_dust_coarse.nc MASSDEN_8maboveground dust_coarse
+ local 'match=Dust dry:aerosol_size >=2.5e-06'
+ local fin=/scratch3/BMC/acomp/Sudheer/Fire-nest/Retros/RRFS_A/RT/GRIB2/rrfs.20260825/00/rrfs.t00z.2dfld.3km.f001.na.grib2
+ local outfile=/scratch3/BMC/acomp/Gonzalo.Ferrada/verif/realtime/model_output/RRFS-SD/2026082500/frame_001_aqm_RRFS-SD_2026082500_dust_coarse.nc
+ local rename_from=MASSDEN_8maboveground
+ local rename_to=dust_coarse
+ wgrib2 -nc_nlev 1 -match 'Dust dry:aerosol_size >=2.5e-06' -set center 7 /scratch3/BMC/acomp/Sudheer/Fire-nest/Retros/RRFS_A/RT/GRIB2/rrfs.20260825/00/rrfs.t00z.2dfld.3km.f001.na.grib2 -netcdf /scratch3/BMC/acomp/Gonzalo.Ferrada/verif/realtime/model_output/RRFS-SD/2026082500/frame_001_aqm_RRFS-SD_2026082500_dust_coarse.nc
netcdf: doesn't support yet grid_template 1
87:495757802:d=2026082500:MASSDEN:8 m above ground:1 hour fcst:aerosol=Dust dry:aerosol_size >=2.5e-06,<1e-05:
147:739322421:d=2026082500:COLMD:entire atmosphere (considered as a single layer):1 hour fcst:aerosol=Dust dry:aerosol_size >=2.5e-06,<1e-05:
+ [[ -n MASSDEN_8maboveground ]]
+ ncrename -h -v MASSDEN_8maboveground,dust_coarse /scratch3/BMC/acomp/Gonzalo.Ferrada/verif/realtime/model_output/RRFS-SD/2026082500/frame_001_aqm_RRFS-SD_2026082500_dust_coarse.nc
+ extract_grib organic /scratch3/BMC/acomp/Sudheer/Fire-nest/Retros/RRFS_A/RT/GRIB2/rrfs.20260825/00/rrfs.t00z.2dfld.3km.f001.na.grib2 /scratch3/BMC/acomp/Gonzalo.Ferrada/verif/realtime/model_output/RRFS-SD/2026082500/frame_001_aqm_RRFS-SD_2026082500_smoke.nc MASSDEN_8maboveground smoke
+ local match=organic
+ local fin=/scratch3/BMC/acomp/Sudheer/Fire-nest/Retros/RRFS_A/RT/GRIB2/rrfs.20260825/00/rrfs.t00z.2dfld.3km.f001.na.grib2
+ local outfile=/scratch3/BMC/acomp/Gonzalo.Ferrada/verif/realtime/model_output/RRFS-SD/2026082500/frame_001_aqm_RRFS-SD_2026082500_smoke.nc
+ local rename_from=MASSDEN_8maboveground
+ local rename_to=smoke
+ wgrib2 -nc_nlev 1 -match organic -set center 7 /scratch3/BMC/acomp/Sudheer/Fire-nest/Retros/RRFS_A/RT/GRIB2/rrfs.20260825/00/rrfs.t00z.2dfld.3km.f001.na.grib2 -netcdf /scratch3/BMC/acomp/Gonzalo.Ferrada/verif/realtime/model_output/RRFS-SD/2026082500/frame_001_aqm_RRFS-SD_2026082500_smoke.nc
netcdf: doesn't support yet grid_template 1
83:483257719:d=2026082500:MASSDEN:8 m above ground:1 hour fcst:aerosol=Particulate organic matter dry:aerosol_size <2.5e-06:
145:730797968:d=2026082500:COLMD:entire atmosphere (considered as a single layer):1 hour fcst:aerosol=Particulate organic matter dry:aerosol_size <2.5e-06:
150:753659631:d=2026082500:AEMFLX:entire atmosphere (considered as a single layer):1 hour fcst:aerosol=Particulate organic matter dry:aerosol_size <2.5e-06:
+ [[ -n MASSDEN_8maboveground ]]
+ ncrename -h -v MASSDEN_8maboveground,smoke /scratch3/BMC/acomp/Gonzalo.Ferrada/verif/realtime/model_output/RRFS-SD/2026082500/frame_001_aqm_RRFS-SD_2026082500_smoke.nc
+ extract_grib ':(UGRD|VGRD):10 m above ground:' /scratch3/BMC/acomp/Sudheer/Fire-nest/Retros/RRFS_A/RT/GRIB2/rrfs.20260825/00/rrfs.t00z.2dfld.3km.f001.na.grib2 /scratch3/BMC/acomp/Gonzalo.Ferrada/verif/realtime/model_output/RRFS-SD/2026082500/frame_001_aqm_RRFS-SD_2026082500_wind.nc '' ''
+ local 'match=:(UGRD|VGRD):10 m above ground:'
+ local fin=/scratch3/BMC/acomp/Sudheer/Fire-nest/Retros/RRFS_A/RT/GRIB2/rrfs.20260825/00/rrfs.t00z.2dfld.3km.f001.na.grib2
+ local outfile=/scratch3/BMC/acomp/Gonzalo.Ferrada/verif/realtime/model_output/RRFS-SD/2026082500/frame_001_aqm_RRFS-SD_2026082500_wind.nc
+ local rename_from=
+ local rename_to=
+ wgrib2 -nc_nlev 1 -match ':(UGRD|VGRD):10 m above ground:' -set center 7 /scratch3/BMC/acomp/Sudheer/Fire-nest/Retros/RRFS_A/RT/GRIB2/rrfs.20260825/00/rrfs.t00z.2dfld.3km.f001.na.grib2 -netcdf /scratch3/BMC/acomp/Gonzalo.Ferrada/verif/realtime/model_output/RRFS-SD/2026082500/frame_001_aqm_RRFS-SD_2026082500_wind.nc
netcdf: doesn't support yet grid_template 1
88:497684069:d=2026082500:UGRD:10 m above ground:1 hour fcst:
89:509037883:d=2026082500:VGRD:10 m above ground:1 hour fcst:
+ [[ -n '' ]]
+ extract_grib ':(DPT|TMP):2 m above ground:' /scratch3/BMC/acomp/Sudheer/Fire-nest/Retros/RRFS_A/RT/GRIB2/rrfs.20260825/00/rrfs.t00z.2dfld.3km.f001.na.grib2 /scratch3/BMC/acomp/Gonzalo.Ferrada/verif/realtime/model_output/RRFS-SD/2026082500/frame_001_aqm_RRFS-SD_2026082500_temp.nc '' ''
+ local 'match=:(DPT|TMP):2 m above ground:'
+ local fin=/scratch3/BMC/acomp/Sudheer/Fire-nest/Retros/RRFS_A/RT/GRIB2/rrfs.20260825/00/rrfs.t00z.2dfld.3km.f001.na.grib2
+ local outfile=/scratch3/BMC/acomp/Gonzalo.Ferrada/verif/realtime/model_output/RRFS-SD/2026082500/frame_001_aqm_RRFS-SD_2026082500_temp.nc
+ local rename_from=
+ local rename_to=
+ wgrib2 -nc_nlev 1 -match ':(DPT|TMP):2 m above ground:' -set center 7 /scratch3/BMC/acomp/Sudheer/Fire-nest/Retros/RRFS_A/RT/GRIB2/rrfs.20260825/00/rrfs.t00z.2dfld.3km.f001.na.grib2 -netcdf /scratch3/BMC/acomp/Gonzalo.Ferrada/verif/realtime/model_output/RRFS-SD/2026082500/frame_001_aqm_RRFS-SD_2026082500_temp.nc
netcdf: doesn't support yet grid_template 1
74:399775733:d=2026082500:TMP:2 m above ground:1 hour fcst:
76:419992276:d=2026082500:DPT:2 m above ground:1 hour fcst:
+ [[ -n '' ]]
+ extract_grib APCP /scratch3/BMC/acomp/Sudheer/Fire-nest/Retros/RRFS_A/RT/GRIB2/rrfs.20260825/00/rrfs.t00z.2dfld.3km.f001.na.grib2 /scratch3/BMC/acomp/Gonzalo.Ferrada/verif/realtime/model_output/RRFS-SD/2026082500/frame_001_aqm_RRFS-SD_2026082500_precip.nc '' ''
+ local match=APCP
+ local fin=/scratch3/BMC/acomp/Sudheer/Fire-nest/Retros/RRFS_A/RT/GRIB2/rrfs.20260825/00/rrfs.t00z.2dfld.3km.f001.na.grib2
+ local outfile=/scratch3/BMC/acomp/Gonzalo.Ferrada/verif/realtime/model_output/RRFS-SD/2026082500/frame_001_aqm_RRFS-SD_2026082500_precip.nc
+ local rename_from=
+ local rename_to=
+ wgrib2 -nc_nlev 1 -match APCP -set center 7 /scratch3/BMC/acomp/Sudheer/Fire-nest/Retros/RRFS_A/RT/GRIB2/rrfs.20260825/00/rrfs.t00z.2dfld.3km.f001.na.grib2 -netcdf /scratch3/BMC/acomp/Gonzalo.Ferrada/verif/realtime/model_output/RRFS-SD/2026082500/frame_001_aqm_RRFS-SD_2026082500_precip.nc
netcdf: doesn't support yet grid_template 1
97:559278146:d=2026082500:APCP:surface:0-1 hour acc fcst:
+ [[ -n '' ]]
+ echo 'Calculations (ncap2)...'
Calculations (ncap2)...
+ ncap2 -O -h -s 'WIND_10maboveground=float(sqrt(UGRD_10maboveground^2 + VGRD_10maboveground^2))' /scratch3/BMC/acomp/Gonzalo.Ferrada/verif/realtime/model_output/RRFS-SD/2026082500/frame_001_aqm_RRFS-SD_2026082500_wind.nc /scratch3/BMC/acomp/Gonzalo.Ferrada/verif/realtime/model_output/RRFS-SD/2026082500/frame_001_aqm_RRFS-SD_2026082500_wind.nc
+ ncap2 -O -h -s 'WDIR_10maboveground=float(180.+(180./3.14159)*atan2(UGRD_10maboveground,VGRD_10maboveground))' /scratch3/BMC/acomp/Gonzalo.Ferrada/verif/realtime/model_output/RRFS-SD/2026082500/frame_001_aqm_RRFS-SD_2026082500_wind.nc /scratch3/BMC/acomp/Gonzalo.Ferrada/verif/realtime/model_output/RRFS-SD/2026082500/frame_001_aqm_RRFS-SD_2026082500_wind.nc
+ ncap2 -O -h -s 'TMP_2maboveground=float(TMP_2maboveground-273.15)' /scratch3/BMC/acomp/Gonzalo.Ferrada/verif/realtime/model_output/RRFS-SD/2026082500/frame_001_aqm_RRFS-SD_2026082500_temp.nc /scratch3/BMC/acomp/Gonzalo.Ferrada/verif/realtime/model_output/RRFS-SD/2026082500/frame_001_aqm_RRFS-SD_2026082500_temp.nc
+ ncap2 -O -h -s 'DPT_2maboveground=float(DPT_2maboveground-273.15)' /scratch3/BMC/acomp/Gonzalo.Ferrada/verif/realtime/model_output/RRFS-SD/2026082500/frame_001_aqm_RRFS-SD_2026082500_temp.nc /scratch3/BMC/acomp/Gonzalo.Ferrada/verif/realtime/model_output/RRFS-SD/2026082500/frame_001_aqm_RRFS-SD_2026082500_temp.nc
+ ncap2 -O -h -s 'dust_fine=float(1.e9*dust_fine)' /scratch3/BMC/acomp/Gonzalo.Ferrada/verif/realtime/model_output/RRFS-SD/2026082500/frame_001_aqm_RRFS-SD_2026082500_dust_fine.nc /scratch3/BMC/acomp/Gonzalo.Ferrada/verif/realtime/model_output/RRFS-SD/2026082500/frame_001_aqm_RRFS-SD_2026082500_dust_fine.nc
+ ncap2 -O -h -s 'dust_coarse=float(1.e9*dust_coarse)' /scratch3/BMC/acomp/Gonzalo.Ferrada/verif/realtime/model_output/RRFS-SD/2026082500/frame_001_aqm_RRFS-SD_2026082500_dust_coarse.nc /scratch3/BMC/acomp/Gonzalo.Ferrada/verif/realtime/model_output/RRFS-SD/2026082500/frame_001_aqm_RRFS-SD_2026082500_dust_coarse.nc
+ ncap2 -O -h -s 'smoke=float(1.e9*smoke)' /scratch3/BMC/acomp/Gonzalo.Ferrada/verif/realtime/model_output/RRFS-SD/2026082500/frame_001_aqm_RRFS-SD_2026082500_smoke.nc /scratch3/BMC/acomp/Gonzalo.Ferrada/verif/realtime/model_output/RRFS-SD/2026082500/frame_001_aqm_RRFS-SD_2026082500_smoke.nc
+ ncap2 -O -h -s 'VIS_surface=float(0.000621371*VIS_surface)' /scratch3/BMC/acomp/Gonzalo.Ferrada/verif/realtime/model_output/RRFS-SD/2026082500/frame_001_aqm_RRFS-SD_2026082500_vis.nc /scratch3/BMC/acomp/Gonzalo.Ferrada/verif/realtime/model_output/RRFS-SD/2026082500/frame_001_aqm_RRFS-SD_2026082500_vis.nc
+ ncap2 -O -h -s 'where(VIS_surface>10.0) VIS_surface=10.0' /scratch3/BMC/acomp/Gonzalo.Ferrada/verif/realtime/model_output/RRFS-SD/2026082500/frame_001_aqm_RRFS-SD_2026082500_vis.nc /scratch3/BMC/acomp/Gonzalo.Ferrada/verif/realtime/model_output/RRFS-SD/2026082500/frame_001_aqm_RRFS-SD_2026082500_vis.nc
+ echo 'Merging to /scratch3/BMC/acomp/Gonzalo.Ferrada/verif/realtime/model_output/RRFS-SD/2026082500/frame_001_aqm_RRFS-SD_2026082500.nc...'
Merging to /scratch3/BMC/acomp/Gonzalo.Ferrada/verif/realtime/model_output/RRFS-SD/2026082500/frame_001_aqm_RRFS-SD_2026082500.nc...
+ ncks -A -h /scratch3/BMC/acomp/Gonzalo.Ferrada/verif/realtime/model_output/RRFS-SD/2026082500/frame_001_aqm_RRFS-SD_2026082500_aod.nc /scratch3/BMC/acomp/Gonzalo.Ferrada/verif/realtime/model_output/RRFS-SD/2026082500/frame_001_aqm_RRFS-SD_2026082500.nc
+ ncks -A -h -v DSWRF_surface /scratch3/BMC/acomp/Gonzalo.Ferrada/verif/realtime/model_output/RRFS-SD/2026082500/frame_001_aqm_RRFS-SD_2026082500_dswrf.nc /scratch3/BMC/acomp/Gonzalo.Ferrada/verif/realtime/model_output/RRFS-SD/2026082500/frame_001_aqm_RRFS-SD_2026082500.nc
+ ncks -A -h -v VIS_surface /scratch3/BMC/acomp/Gonzalo.Ferrada/verif/realtime/model_output/RRFS-SD/2026082500/frame_001_aqm_RRFS-SD_2026082500_vis.nc /scratch3/BMC/acomp/Gonzalo.Ferrada/verif/realtime/model_output/RRFS-SD/2026082500/frame_001_aqm_RRFS-SD_2026082500.nc
+ ncks -A -h -v HGT_cloudceiling /scratch3/BMC/acomp/Gonzalo.Ferrada/verif/realtime/model_output/RRFS-SD/2026082500/frame_001_aqm_RRFS-SD_2026082500_ceil.nc /scratch3/BMC/acomp/Gonzalo.Ferrada/verif/realtime/model_output/RRFS-SD/2026082500/frame_001_aqm_RRFS-SD_2026082500.nc
+ ncks -A -h -v dust_fine /scratch3/BMC/acomp/Gonzalo.Ferrada/verif/realtime/model_output/RRFS-SD/2026082500/frame_001_aqm_RRFS-SD_2026082500_dust_fine.nc /scratch3/BMC/acomp/Gonzalo.Ferrada/verif/realtime/model_output/RRFS-SD/2026082500/frame_001_aqm_RRFS-SD_2026082500.nc
+ ncks -A -h -v dust_coarse /scratch3/BMC/acomp/Gonzalo.Ferrada/verif/realtime/model_output/RRFS-SD/2026082500/frame_001_aqm_RRFS-SD_2026082500_dust_coarse.nc /scratch3/BMC/acomp/Gonzalo.Ferrada/verif/realtime/model_output/RRFS-SD/2026082500/frame_001_aqm_RRFS-SD_2026082500.nc
+ ncks -A -h -v smoke /scratch3/BMC/acomp/Gonzalo.Ferrada/verif/realtime/model_output/RRFS-SD/2026082500/frame_001_aqm_RRFS-SD_2026082500_smoke.nc /scratch3/BMC/acomp/Gonzalo.Ferrada/verif/realtime/model_output/RRFS-SD/2026082500/frame_001_aqm_RRFS-SD_2026082500.nc
+ ncks -A -h -v WIND_10maboveground,WDIR_10maboveground /scratch3/BMC/acomp/Gonzalo.Ferrada/verif/realtime/model_output/RRFS-SD/2026082500/frame_001_aqm_RRFS-SD_2026082500_wind.nc /scratch3/BMC/acomp/Gonzalo.Ferrada/verif/realtime/model_output/RRFS-SD/2026082500/frame_001_aqm_RRFS-SD_2026082500.nc
+ ncks -A -h -v TMP_2maboveground,DPT_2maboveground /scratch3/BMC/acomp/Gonzalo.Ferrada/verif/realtime/model_output/RRFS-SD/2026082500/frame_001_aqm_RRFS-SD_2026082500_temp.nc /scratch3/BMC/acomp/Gonzalo.Ferrada/verif/realtime/model_output/RRFS-SD/2026082500/frame_001_aqm_RRFS-SD_2026082500.nc
+ ncks -A -h -v APCP_surface /scratch3/BMC/acomp/Gonzalo.Ferrada/verif/realtime/model_output/RRFS-SD/2026082500/frame_001_aqm_RRFS-SD_2026082500_precip.nc /scratch3/BMC/acomp/Gonzalo.Ferrada/verif/realtime/model_output/RRFS-SD/2026082500/frame_001_aqm_RRFS-SD_2026082500.nc
+ echo 'Deleting intermediate files...'
Deleting intermediate files...
+ rm -f /scratch3/BMC/acomp/Gonzalo.Ferrada/verif/realtime/model_output/RRFS-SD/2026082500/frame_001_aqm_RRFS-SD_2026082500_aod.nc /scratch3/BMC/acomp/Gonzalo.Ferrada/verif/realtime/model_output/RRFS-SD/2026082500/frame_001_aqm_RRFS-SD_2026082500_ceil.nc /scratch3/BMC/acomp/Gonzalo.Ferrada/verif/realtime/model_output/RRFS-SD/2026082500/frame_001_aqm_RRFS-SD_2026082500_dswrf.nc /scratch3/BMC/acomp/Gonzalo.Ferrada/verif/realtime/model_output/RRFS-SD/2026082500/frame_001_aqm_RRFS-SD_2026082500_dust_coarse.nc /scratch3/BMC/acomp/Gonzalo.Ferrada/verif/realtime/model_output/RRFS-SD/2026082500/frame_001_aqm_RRFS-SD_2026082500_dust_fine.nc /scratch3/BMC/acomp/Gonzalo.Ferrada/verif/realtime/model_output/RRFS-SD/2026082500/frame_001_aqm_RRFS-SD_2026082500_precip.nc /scratch3/BMC/acomp/Gonzalo.Ferrada/verif/realtime/model_output/RRFS-SD/2026082500/frame_001_aqm_RRFS-SD_2026082500_smoke.nc /scratch3/BMC/acomp/Gonzalo.Ferrada/verif/realtime/model_output/RRFS-SD/2026082500/frame_001_aqm_RRFS-SD_2026082500_temp.nc /scratch3/BMC/acomp/Gonzalo.Ferrada/verif/realtime/model_output/RRFS-SD/2026082500/frame_001_aqm_RRFS-SD_2026082500_vis.nc /scratch3/BMC/acomp/Gonzalo.Ferrada/verif/realtime/model_output/RRFS-SD/2026082500/frame_001_aqm_RRFS-SD_2026082500_wind.nc
+ echo 'Final calculations...'
Final calculations...
+ ncap2 -h -O -s 'pm25=float(dust_fine+smoke)' /scratch3/BMC/acomp/Gonzalo.Ferrada/verif/realtime/model_output/RRFS-SD/2026082500/frame_001_aqm_RRFS-SD_2026082500.nc /scratch3/BMC/acomp/Gonzalo.Ferrada/verif/realtime/model_output/RRFS-SD/2026082500/frame_001_aqm_RRFS-SD_2026082500.nc
+ ncap2 -h -O -s 'pm10=float(pm25+dust_coarse)' /scratch3/BMC/acomp/Gonzalo.Ferrada/verif/realtime/model_output/RRFS-SD/2026082500/frame_001_aqm_RRFS-SD_2026082500.nc /scratch3/BMC/acomp/Gonzalo.Ferrada/verif/realtime/model_output/RRFS-SD/2026082500/frame_001_aqm_RRFS-SD_2026082500.nc
+ ncap2 -h -O -s lat=latitude -s lon=longitude /scratch3/BMC/acomp/Gonzalo.Ferrada/verif/realtime/model_output/RRFS-SD/2026082500/frame_001_aqm_RRFS-SD_2026082500.nc /scratch3/BMC/acomp/Gonzalo.Ferrada/verif/realtime/model_output/RRFS-SD/2026082500/frame_001_aqm_RRFS-SD_2026082500.nc
+ ncks -h -O -x -v hlevel /scratch3/BMC/acomp/Gonzalo.Ferrada/verif/realtime/model_output/RRFS-SD/2026082500/frame_001_aqm_RRFS-SD_2026082500.nc /scratch3/BMC/acomp/Gonzalo.Ferrada/verif/realtime/model_output/RRFS-SD/2026082500/frame_001_aqm_RRFS-SD_2026082500.nc
+ echo Compressing...
Compressing...
+ ncks -O -4 -L 3 /scratch3/BMC/acomp/Gonzalo.Ferrada/verif/realtime/model_output/RRFS-SD/2026082500/frame_001_aqm_RRFS-SD_2026082500.nc /scratch3/BMC/acomp/Gonzalo.Ferrada/verif/realtime/model_output/RRFS-SD/2026082500/frame_001_aqm_RRFS-SD_2026082500.nc
+ isfile /scratch3/BMC/acomp/Gonzalo.Ferrada/verif/realtime/model_output/RRFS-SD/2026082500/frame_001_aqm_RRFS-SD_2026082500.nc
+ local file=/scratch3/BMC/acomp/Gonzalo.Ferrada/verif/realtime/model_output/RRFS-SD/2026082500/frame_001_aqm_RRFS-SD_2026082500.nc
+ [[ ! -s /scratch3/BMC/acomp/Gonzalo.Ferrada/verif/realtime/model_output/RRFS-SD/2026082500/frame_001_aqm_RRFS-SD_2026082500.nc ]]
+ echo '/scratch3/BMC/acomp/Gonzalo.Ferrada/verif/realtime/model_output/RRFS-SD/2026082500/frame_001_aqm_RRFS-SD_2026082500.nc created!'
/scratch3/BMC/acomp/Gonzalo.Ferrada/verif/realtime/model_output/RRFS-SD/2026082500/frame_001_aqm_RRFS-SD_2026082500.nc created!
+ (( hh+=MODEL_DT  ))
+ (( hh<=LEAD_HH_END ))
+ printf -v HHH %03d 2
+ fin=/scratch3/BMC/acomp/Sudheer/Fire-nest/Retros/RRFS_A/RT/GRIB2/rrfs.20260825/00/rrfs.t00z.2dfld.3km.f002.na.grib2
+ fout=/scratch3/BMC/acomp/Gonzalo.Ferrada/verif/realtime/model_output/RRFS-SD/2026082500/frame_002_aqm_RRFS-SD_2026082500.nc
+ isfile /scratch3/BMC/acomp/Sudheer/Fire-nest/Retros/RRFS_A/RT/GRIB2/rrfs.20260825/00/rrfs.t00z.2dfld.3km.f002.na.grib2
+ local file=/scratch3/BMC/acomp/Sudheer/Fire-nest/Retros/RRFS_A/RT/GRIB2/rrfs.20260825/00/rrfs.t00z.2dfld.3km.f002.na.grib2
+ [[ ! -s /scratch3/BMC/acomp/Sudheer/Fire-nest/Retros/RRFS_A/RT/GRIB2/rrfs.20260825/00/rrfs.t00z.2dfld.3km.f002.na.grib2 ]]
+ echo ==============================================================================
==============================================================================
+ echo 'Working on /scratch3/BMC/acomp/Gonzalo.Ferrada/verif/realtime/model_output/RRFS-SD/2026082500/frame_002_aqm_RRFS-SD_2026082500.nc'
Working on /scratch3/BMC/acomp/Gonzalo.Ferrada/verif/realtime/model_output/RRFS-SD/2026082500/frame_002_aqm_RRFS-SD_2026082500.nc
+ echo 'Extracting GRIB2 variables...'
Extracting GRIB2 variables...
+ extract_grib AOTK /scratch3/BMC/acomp/Sudheer/Fire-nest/Retros/RRFS_A/RT/GRIB2/rrfs.20260825/00/rrfs.t00z.2dfld.3km.f002.na.grib2 /scratch3/BMC/acomp/Gonzalo.Ferrada/verif/realtime/model_output/RRFS-SD/2026082500/frame_002_aqm_RRFS-SD_2026082500_aod.nc AOTK_entireatmosphere_consideredasasinglelayer_ AOD550
+ local match=AOTK
+ local fin=/scratch3/BMC/acomp/Sudheer/Fire-nest/Retros/RRFS_A/RT/GRIB2/rrfs.20260825/00/rrfs.t00z.2dfld.3km.f002.na.grib2
+ local outfile=/scratch3/BMC/acomp/Gonzalo.Ferrada/verif/realtime/model_output/RRFS-SD/2026082500/frame_002_aqm_RRFS-SD_2026082500_aod.nc
+ local rename_from=AOTK_entireatmosphere_consideredasasinglelayer_
+ local rename_to=AOD550
+ wgrib2 -nc_nlev 1 -match AOTK -set center 7 /scratch3/BMC/acomp/Sudheer/Fire-nest/Retros/RRFS_A/RT/GRIB2/rrfs.20260825/00/rrfs.t00z.2dfld.3km.f002.na.grib2 -netcdf /scratch3/BMC/acomp/Gonzalo.Ferrada/verif/realtime/model_output/RRFS-SD/2026082500/frame_002_aqm_RRFS-SD_2026082500_aod.nc
netcdf: doesn't support yet grid_template 1
147:730176092:d=2026082500:AOTK:entire atmosphere (considered as a single layer):2 hour fcst:
+ [[ -n AOTK_entireatmosphere_consideredasasinglelayer_ ]]
+ ncrename -h -v AOTK_entireatmosphere_consideredasasinglelayer_,AOD550 /scratch3/BMC/acomp/Gonzalo.Ferrada/verif/realtime/model_output/RRFS-SD/2026082500/frame_002_aqm_RRFS-SD_2026082500_aod.nc
+ extract_grib DSWRF /scratch3/BMC/acomp/Sudheer/Fire-nest/Retros/RRFS_A/RT/GRIB2/rrfs.20260825/00/rrfs.t00z.2dfld.3km.f002.na.grib2 /scratch3/BMC/acomp/Gonzalo.Ferrada/verif/realtime/model_output/RRFS-SD/2026082500/frame_002_aqm_RRFS-SD_2026082500_dswrf.nc '' ''
+ local match=DSWRF
+ local fin=/scratch3/BMC/acomp/Sudheer/Fire-nest/Retros/RRFS_A/RT/GRIB2/rrfs.20260825/00/rrfs.t00z.2dfld.3km.f002.na.grib2
+ local outfile=/scratch3/BMC/acomp/Gonzalo.Ferrada/verif/realtime/model_output/RRFS-SD/2026082500/frame_002_aqm_RRFS-SD_2026082500_dswrf.nc
+ local rename_from=
+ local rename_to=
+ wgrib2 -nc_nlev 1 -match DSWRF -set center 7 /scratch3/BMC/acomp/Sudheer/Fire-nest/Retros/RRFS_A/RT/GRIB2/rrfs.20260825/00/rrfs.t00z.2dfld.3km.f002.na.grib2 -netcdf /scratch3/BMC/acomp/Gonzalo.Ferrada/verif/realtime/model_output/RRFS-SD/2026082500/frame_002_aqm_RRFS-SD_2026082500_dswrf.nc
netcdf: doesn't support yet grid_template 1
173:959057745:d=2026082500:DSWRF:surface:1-2 hour ave fcst:
180:1011526769:d=2026082500:DSWRF:surface:2 hour fcst:
+ [[ -n '' ]]
+ extract_grib VIS /scratch3/BMC/acomp/Sudheer/Fire-nest/Retros/RRFS_A/RT/GRIB2/rrfs.20260825/00/rrfs.t00z.2dfld.3km.f002.na.grib2 /scratch3/BMC/acomp/Gonzalo.Ferrada/verif/realtime/model_output/RRFS-SD/2026082500/frame_002_aqm_RRFS-SD_2026082500_vis.nc '' ''
+ local match=VIS
+ local fin=/scratch3/BMC/acomp/Sudheer/Fire-nest/Retros/RRFS_A/RT/GRIB2/rrfs.20260825/00/rrfs.t00z.2dfld.3km.f002.na.grib2
+ local outfile=/scratch3/BMC/acomp/Gonzalo.Ferrada/verif/realtime/model_output/RRFS-SD/2026082500/frame_002_aqm_RRFS-SD_2026082500_vis.nc
+ local rename_from=
+ local rename_to=
+ wgrib2 -nc_nlev 1 -match VIS -set center 7 /scratch3/BMC/acomp/Sudheer/Fire-nest/Retros/RRFS_A/RT/GRIB2/rrfs.20260825/00/rrfs.t00z.2dfld.3km.f002.na.grib2 -netcdf /scratch3/BMC/acomp/Gonzalo.Ferrada/verif/realtime/model_output/RRFS-SD/2026082500/frame_002_aqm_RRFS-SD_2026082500_vis.nc
netcdf: doesn't support yet grid_template 1
5:24446962:d=2026082500:VIS:surface:2 hour fcst:
+ [[ -n '' ]]
+ extract_grib 'HGT:cloud ceiling' /scratch3/BMC/acomp/Sudheer/Fire-nest/Retros/RRFS_A/RT/GRIB2/rrfs.20260825/00/rrfs.t00z.2dfld.3km.f002.na.grib2 /scratch3/BMC/acomp/Gonzalo.Ferrada/verif/realtime/model_output/RRFS-SD/2026082500/frame_002_aqm_RRFS-SD_2026082500_ceil.nc '' ''
+ local 'match=HGT:cloud ceiling'
+ local fin=/scratch3/BMC/acomp/Sudheer/Fire-nest/Retros/RRFS_A/RT/GRIB2/rrfs.20260825/00/rrfs.t00z.2dfld.3km.f002.na.grib2
+ local outfile=/scratch3/BMC/acomp/Gonzalo.Ferrada/verif/realtime/model_output/RRFS-SD/2026082500/frame_002_aqm_RRFS-SD_2026082500_ceil.nc
+ local rename_from=
+ local rename_to=
+ wgrib2 -nc_nlev 1 -match 'HGT:cloud ceiling' -set center 7 /scratch3/BMC/acomp/Sudheer/Fire-nest/Retros/RRFS_A/RT/GRIB2/rrfs.20260825/00/rrfs.t00z.2dfld.3km.f002.na.grib2 -netcdf /scratch3/BMC/acomp/Gonzalo.Ferrada/verif/realtime/model_output/RRFS-SD/2026082500/frame_002_aqm_RRFS-SD_2026082500_ceil.nc
netcdf: doesn't support yet grid_template 1
165:852522246:d=2026082500:HGT:cloud ceiling:2 hour fcst:
+ [[ -n '' ]]
+ extract_grib 'Dust dry:aerosol_size <2.5e-06' /scratch3/BMC/acomp/Sudheer/Fire-nest/Retros/RRFS_A/RT/GRIB2/rrfs.20260825/00/rrfs.t00z.2dfld.3km.f002.na.grib2 /scratch3/BMC/acomp/Gonzalo.Ferrada/verif/realtime/model_output/RRFS-SD/2026082500/frame_002_aqm_RRFS-SD_2026082500_dust_fine.nc MASSDEN_8maboveground dust_fine
+ local 'match=Dust dry:aerosol_size <2.5e-06'
+ local fin=/scratch3/BMC/acomp/Sudheer/Fire-nest/Retros/RRFS_A/RT/GRIB2/rrfs.20260825/00/rrfs.t00z.2dfld.3km.f002.na.grib2
+ local outfile=/scratch3/BMC/acomp/Gonzalo.Ferrada/verif/realtime/model_output/RRFS-SD/2026082500/frame_002_aqm_RRFS-SD_2026082500_dust_fine.nc
+ local rename_from=MASSDEN_8maboveground
+ local rename_to=dust_fine
+ wgrib2 -nc_nlev 1 -match 'Dust dry:aerosol_size <2.5e-06' -set center 7 /scratch3/BMC/acomp/Sudheer/Fire-nest/Retros/RRFS_A/RT/GRIB2/rrfs.20260825/00/rrfs.t00z.2dfld.3km.f002.na.grib2 -netcdf /scratch3/BMC/acomp/Gonzalo.Ferrada/verif/realtime/model_output/RRFS-SD/2026082500/frame_002_aqm_RRFS-SD_2026082500_dust_fine.nc
netcdf: doesn't support yet grid_template 1
84:490391618:d=2026082500:MASSDEN:8 m above ground:2 hour fcst:aerosol=Dust dry:aerosol_size <2.5e-06:
149:748876990:d=2026082500:COLMD:entire atmosphere (considered as a single layer):2 hour fcst:aerosol=Dust dry:aerosol_size <2.5e-06:
+ [[ -n MASSDEN_8maboveground ]]
+ ncrename -h -v MASSDEN_8maboveground,dust_fine /scratch3/BMC/acomp/Gonzalo.Ferrada/verif/realtime/model_output/RRFS-SD/2026082500/frame_002_aqm_RRFS-SD_2026082500_dust_fine.nc
+ extract_grib 'Dust dry:aerosol_size >=2.5e-06' /scratch3/BMC/acomp/Sudheer/Fire-nest/Retros/RRFS_A/RT/GRIB2/rrfs.20260825/00/rrfs.t00z.2dfld.3km.f002.na.grib2 /scratch3/BMC/acomp/Gonzalo.Ferrada/verif/realtime/model_output/RRFS-SD/2026082500/frame_002_aqm_RRFS-SD_2026082500_dust_coarse.nc MASSDEN_8maboveground dust_coarse
+ local 'match=Dust dry:aerosol_size >=2.5e-06'
+ local fin=/scratch3/BMC/acomp/Sudheer/Fire-nest/Retros/RRFS_A/RT/GRIB2/rrfs.20260825/00/rrfs.t00z.2dfld.3km.f002.na.grib2
+ local outfile=/scratch3/BMC/acomp/Gonzalo.Ferrada/verif/realtime/model_output/RRFS-SD/2026082500/frame_002_aqm_RRFS-SD_2026082500_dust_coarse.nc
+ local rename_from=MASSDEN_8maboveground
+ local rename_to=dust_coarse
+ wgrib2 -nc_nlev 1 -match 'Dust dry:aerosol_size >=2.5e-06' -set center 7 /scratch3/BMC/acomp/Sudheer/Fire-nest/Retros/RRFS_A/RT/GRIB2/rrfs.20260825/00/rrfs.t00z.2dfld.3km.f002.na.grib2 -netcdf /scratch3/BMC/acomp/Gonzalo.Ferrada/verif/realtime/model_output/RRFS-SD/2026082500/frame_002_aqm_RRFS-SD_2026082500_dust_coarse.nc
netcdf: doesn't support yet grid_template 1
87:499522058:d=2026082500:MASSDEN:8 m above ground:2 hour fcst:aerosol=Dust dry:aerosol_size >=2.5e-06,<1e-05:
150:753068558:d=2026082500:COLMD:entire atmosphere (considered as a single layer):2 hour fcst:aerosol=Dust dry:aerosol_size >=2.5e-06,<1e-05:
+ [[ -n MASSDEN_8maboveground ]]
+ ncrename -h -v MASSDEN_8maboveground,dust_coarse /scratch3/BMC/acomp/Gonzalo.Ferrada/verif/realtime/model_output/RRFS-SD/2026082500/frame_002_aqm_RRFS-SD_2026082500_dust_coarse.nc
+ extract_grib organic /scratch3/BMC/acomp/Sudheer/Fire-nest/Retros/RRFS_A/RT/GRIB2/rrfs.20260825/00/rrfs.t00z.2dfld.3km.f002.na.grib2 /scratch3/BMC/acomp/Gonzalo.Ferrada/verif/realtime/model_output/RRFS-SD/2026082500/frame_002_aqm_RRFS-SD_2026082500_smoke.nc MASSDEN_8maboveground smoke
+ local match=organic
+ local fin=/scratch3/BMC/acomp/Sudheer/Fire-nest/Retros/RRFS_A/RT/GRIB2/rrfs.20260825/00/rrfs.t00z.2dfld.3km.f002.na.grib2
+ local outfile=/scratch3/BMC/acomp/Gonzalo.Ferrada/verif/realtime/model_output/RRFS-SD/2026082500/frame_002_aqm_RRFS-SD_2026082500_smoke.nc
+ local rename_from=MASSDEN_8maboveground
+ local rename_to=smoke
+ wgrib2 -nc_nlev 1 -match organic -set center 7 /scratch3/BMC/acomp/Sudheer/Fire-nest/Retros/RRFS_A/RT/GRIB2/rrfs.20260825/00/rrfs.t00z.2dfld.3km.f002.na.grib2 -netcdf /scratch3/BMC/acomp/Gonzalo.Ferrada/verif/realtime/model_output/RRFS-SD/2026082500/frame_002_aqm_RRFS-SD_2026082500_smoke.nc
netcdf: doesn't support yet grid_template 1
83:487016649:d=2026082500:MASSDEN:8 m above ground:2 hour fcst:aerosol=Particulate organic matter dry:aerosol_size <2.5e-06:
148:744176771:d=2026082500:COLMD:entire atmosphere (considered as a single layer):2 hour fcst:aerosol=Particulate organic matter dry:aerosol_size <2.5e-06:
153:768029259:d=2026082500:AEMFLX:entire atmosphere (considered as a single layer):2 hour fcst:aerosol=Particulate organic matter dry:aerosol_size <2.5e-06:
+ [[ -n MASSDEN_8maboveground ]]
+ ncrename -h -v MASSDEN_8maboveground,smoke /scratch3/BMC/acomp/Gonzalo.Ferrada/verif/realtime/model_output/RRFS-SD/2026082500/frame_002_aqm_RRFS-SD_2026082500_smoke.nc
+ extract_grib ':(UGRD|VGRD):10 m above ground:' /scratch3/BMC/acomp/Sudheer/Fire-nest/Retros/RRFS_A/RT/GRIB2/rrfs.20260825/00/rrfs.t00z.2dfld.3km.f002.na.grib2 /scratch3/BMC/acomp/Gonzalo.Ferrada/verif/realtime/model_output/RRFS-SD/2026082500/frame_002_aqm_RRFS-SD_2026082500_wind.nc '' ''
+ local 'match=:(UGRD|VGRD):10 m above ground:'
+ local fin=/scratch3/BMC/acomp/Sudheer/Fire-nest/Retros/RRFS_A/RT/GRIB2/rrfs.20260825/00/rrfs.t00z.2dfld.3km.f002.na.grib2
+ local outfile=/scratch3/BMC/acomp/Gonzalo.Ferrada/verif/realtime/model_output/RRFS-SD/2026082500/frame_002_aqm_RRFS-SD_2026082500_wind.nc
+ local rename_from=
+ local rename_to=
+ wgrib2 -nc_nlev 1 -match ':(UGRD|VGRD):10 m above ground:' -set center 7 /scratch3/BMC/acomp/Sudheer/Fire-nest/Retros/RRFS_A/RT/GRIB2/rrfs.20260825/00/rrfs.t00z.2dfld.3km.f002.na.grib2 -netcdf /scratch3/BMC/acomp/Gonzalo.Ferrada/verif/realtime/model_output/RRFS-SD/2026082500/frame_002_aqm_RRFS-SD_2026082500_wind.nc
netcdf: doesn't support yet grid_template 1
88:501439970:d=2026082500:UGRD:10 m above ground:2 hour fcst:
89:512813146:d=2026082500:VGRD:10 m above ground:2 hour fcst:
+ [[ -n '' ]]
+ extract_grib ':(DPT|TMP):2 m above ground:' /scratch3/BMC/acomp/Sudheer/Fire-nest/Retros/RRFS_A/RT/GRIB2/rrfs.20260825/00/rrfs.t00z.2dfld.3km.f002.na.grib2 /scratch3/BMC/acomp/Gonzalo.Ferrada/verif/realtime/model_output/RRFS-SD/2026082500/frame_002_aqm_RRFS-SD_2026082500_temp.nc '' ''
+ local 'match=:(DPT|TMP):2 m above ground:'
+ local fin=/scratch3/BMC/acomp/Sudheer/Fire-nest/Retros/RRFS_A/RT/GRIB2/rrfs.20260825/00/rrfs.t00z.2dfld.3km.f002.na.grib2
+ local outfile=/scratch3/BMC/acomp/Gonzalo.Ferrada/verif/realtime/model_output/RRFS-SD/2026082500/frame_002_aqm_RRFS-SD_2026082500_temp.nc
+ local rename_from=
+ local rename_to=
+ wgrib2 -nc_nlev 1 -match ':(DPT|TMP):2 m above ground:' -set center 7 /scratch3/BMC/acomp/Sudheer/Fire-nest/Retros/RRFS_A/RT/GRIB2/rrfs.20260825/00/rrfs.t00z.2dfld.3km.f002.na.grib2 -netcdf /scratch3/BMC/acomp/Gonzalo.Ferrada/verif/realtime/model_output/RRFS-SD/2026082500/frame_002_aqm_RRFS-SD_2026082500_temp.nc
netcdf: doesn't support yet grid_template 1
74:403693872:d=2026082500:TMP:2 m above ground:2 hour fcst:
76:423910707:d=2026082500:DPT:2 m above ground:2 hour fcst:
+ [[ -n '' ]]
+ extract_grib APCP /scratch3/BMC/acomp/Sudheer/Fire-nest/Retros/RRFS_A/RT/GRIB2/rrfs.20260825/00/rrfs.t00z.2dfld.3km.f002.na.grib2 /scratch3/BMC/acomp/Gonzalo.Ferrada/verif/realtime/model_output/RRFS-SD/2026082500/frame_002_aqm_RRFS-SD_2026082500_precip.nc '' ''
+ local match=APCP
+ local fin=/scratch3/BMC/acomp/Sudheer/Fire-nest/Retros/RRFS_A/RT/GRIB2/rrfs.20260825/00/rrfs.t00z.2dfld.3km.f002.na.grib2
+ local outfile=/scratch3/BMC/acomp/Gonzalo.Ferrada/verif/realtime/model_output/RRFS-SD/2026082500/frame_002_aqm_RRFS-SD_2026082500_precip.nc
+ local rename_from=
+ local rename_to=
+ wgrib2 -nc_nlev 1 -match APCP -set center 7 /scratch3/BMC/acomp/Sudheer/Fire-nest/Retros/RRFS_A/RT/GRIB2/rrfs.20260825/00/rrfs.t00z.2dfld.3km.f002.na.grib2 -netcdf /scratch3/BMC/acomp/Gonzalo.Ferrada/verif/realtime/model_output/RRFS-SD/2026082500/frame_002_aqm_RRFS-SD_2026082500_precip.nc
netcdf: doesn't support yet grid_template 1
97:562752382:d=2026082500:APCP:surface:1-2 hour acc fcst:
98:566098991:d=2026082500:APCP:surface:0-2 hour acc fcst:
+ [[ -n '' ]]
+ echo 'Calculations (ncap2)...'
Calculations (ncap2)...
+ ncap2 -O -h -s 'WIND_10maboveground=float(sqrt(UGRD_10maboveground^2 + VGRD_10maboveground^2))' /scratch3/BMC/acomp/Gonzalo.Ferrada/verif/realtime/model_output/RRFS-SD/2026082500/frame_002_aqm_RRFS-SD_2026082500_wind.nc /scratch3/BMC/acomp/Gonzalo.Ferrada/verif/realtime/model_output/RRFS-SD/2026082500/frame_002_aqm_RRFS-SD_2026082500_wind.nc
+ ncap2 -O -h -s 'WDIR_10maboveground=float(180.+(180./3.14159)*atan2(UGRD_10maboveground,VGRD_10maboveground))' /scratch3/BMC/acomp/Gonzalo.Ferrada/verif/realtime/model_output/RRFS-SD/2026082500/frame_002_aqm_RRFS-SD_2026082500_wind.nc /scratch3/BMC/acomp/Gonzalo.Ferrada/verif/realtime/model_output/RRFS-SD/2026082500/frame_002_aqm_RRFS-SD_2026082500_wind.nc
+ ncap2 -O -h -s 'TMP_2maboveground=float(TMP_2maboveground-273.15)' /scratch3/BMC/acomp/Gonzalo.Ferrada/verif/realtime/model_output/RRFS-SD/2026082500/frame_002_aqm_RRFS-SD_2026082500_temp.nc /scratch3/BMC/acomp/Gonzalo.Ferrada/verif/realtime/model_output/RRFS-SD/2026082500/frame_002_aqm_RRFS-SD_2026082500_temp.nc
+ ncap2 -O -h -s 'DPT_2maboveground=float(DPT_2maboveground-273.15)' /scratch3/BMC/acomp/Gonzalo.Ferrada/verif/realtime/model_output/RRFS-SD/2026082500/frame_002_aqm_RRFS-SD_2026082500_temp.nc /scratch3/BMC/acomp/Gonzalo.Ferrada/verif/realtime/model_output/RRFS-SD/2026082500/frame_002_aqm_RRFS-SD_2026082500_temp.nc
+ ncap2 -O -h -s 'dust_fine=float(1.e9*dust_fine)' /scratch3/BMC/acomp/Gonzalo.Ferrada/verif/realtime/model_output/RRFS-SD/2026082500/frame_002_aqm_RRFS-SD_2026082500_dust_fine.nc /scratch3/BMC/acomp/Gonzalo.Ferrada/verif/realtime/model_output/RRFS-SD/2026082500/frame_002_aqm_RRFS-SD_2026082500_dust_fine.nc
+ ncap2 -O -h -s 'dust_coarse=float(1.e9*dust_coarse)' /scratch3/BMC/acomp/Gonzalo.Ferrada/verif/realtime/model_output/RRFS-SD/2026082500/frame_002_aqm_RRFS-SD_2026082500_dust_coarse.nc /scratch3/BMC/acomp/Gonzalo.Ferrada/verif/realtime/model_output/RRFS-SD/2026082500/frame_002_aqm_RRFS-SD_2026082500_dust_coarse.nc
+ ncap2 -O -h -s 'smoke=float(1.e9*smoke)' /scratch3/BMC/acomp/Gonzalo.Ferrada/verif/realtime/model_output/RRFS-SD/2026082500/frame_002_aqm_RRFS-SD_2026082500_smoke.nc /scratch3/BMC/acomp/Gonzalo.Ferrada/verif/realtime/model_output/RRFS-SD/2026082500/frame_002_aqm_RRFS-SD_2026082500_smoke.nc
+ ncap2 -O -h -s 'VIS_surface=float(0.000621371*VIS_surface)' /scratch3/BMC/acomp/Gonzalo.Ferrada/verif/realtime/model_output/RRFS-SD/2026082500/frame_002_aqm_RRFS-SD_2026082500_vis.nc /scratch3/BMC/acomp/Gonzalo.Ferrada/verif/realtime/model_output/RRFS-SD/2026082500/frame_002_aqm_RRFS-SD_2026082500_vis.nc
+ ncap2 -O -h -s 'where(VIS_surface>10.0) VIS_surface=10.0' /scratch3/BMC/acomp/Gonzalo.Ferrada/verif/realtime/model_output/RRFS-SD/2026082500/frame_002_aqm_RRFS-SD_2026082500_vis.nc /scratch3/BMC/acomp/Gonzalo.Ferrada/verif/realtime/model_output/RRFS-SD/2026082500/frame_002_aqm_RRFS-SD_2026082500_vis.nc
+ echo 'Merging to /scratch3/BMC/acomp/Gonzalo.Ferrada/verif/realtime/model_output/RRFS-SD/2026082500/frame_002_aqm_RRFS-SD_2026082500.nc...'
Merging to /scratch3/BMC/acomp/Gonzalo.Ferrada/verif/realtime/model_output/RRFS-SD/2026082500/frame_002_aqm_RRFS-SD_2026082500.nc...
+ ncks -A -h /scratch3/BMC/acomp/Gonzalo.Ferrada/verif/realtime/model_output/RRFS-SD/2026082500/frame_002_aqm_RRFS-SD_2026082500_aod.nc /scratch3/BMC/acomp/Gonzalo.Ferrada/verif/realtime/model_output/RRFS-SD/2026082500/frame_002_aqm_RRFS-SD_2026082500.nc
+ ncks -A -h -v DSWRF_surface /scratch3/BMC/acomp/Gonzalo.Ferrada/verif/realtime/model_output/RRFS-SD/2026082500/frame_002_aqm_RRFS-SD_2026082500_dswrf.nc /scratch3/BMC/acomp/Gonzalo.Ferrada/verif/realtime/model_output/RRFS-SD/2026082500/frame_002_aqm_RRFS-SD_2026082500.nc
+ ncks -A -h -v VIS_surface /scratch3/BMC/acomp/Gonzalo.Ferrada/verif/realtime/model_output/RRFS-SD/2026082500/frame_002_aqm_RRFS-SD_2026082500_vis.nc /scratch3/BMC/acomp/Gonzalo.Ferrada/verif/realtime/model_output/RRFS-SD/2026082500/frame_002_aqm_RRFS-SD_2026082500.nc
+ ncks -A -h -v HGT_cloudceiling /scratch3/BMC/acomp/Gonzalo.Ferrada/verif/realtime/model_output/RRFS-SD/2026082500/frame_002_aqm_RRFS-SD_2026082500_ceil.nc /scratch3/BMC/acomp/Gonzalo.Ferrada/verif/realtime/model_output/RRFS-SD/2026082500/frame_002_aqm_RRFS-SD_2026082500.nc
+ ncks -A -h -v dust_fine /scratch3/BMC/acomp/Gonzalo.Ferrada/verif/realtime/model_output/RRFS-SD/2026082500/frame_002_aqm_RRFS-SD_2026082500_dust_fine.nc /scratch3/BMC/acomp/Gonzalo.Ferrada/verif/realtime/model_output/RRFS-SD/2026082500/frame_002_aqm_RRFS-SD_2026082500.nc
+ ncks -A -h -v dust_coarse /scratch3/BMC/acomp/Gonzalo.Ferrada/verif/realtime/model_output/RRFS-SD/2026082500/frame_002_aqm_RRFS-SD_2026082500_dust_coarse.nc /scratch3/BMC/acomp/Gonzalo.Ferrada/verif/realtime/model_output/RRFS-SD/2026082500/frame_002_aqm_RRFS-SD_2026082500.nc
+ ncks -A -h -v smoke /scratch3/BMC/acomp/Gonzalo.Ferrada/verif/realtime/model_output/RRFS-SD/2026082500/frame_002_aqm_RRFS-SD_2026082500_smoke.nc /scratch3/BMC/acomp/Gonzalo.Ferrada/verif/realtime/model_output/RRFS-SD/2026082500/frame_002_aqm_RRFS-SD_2026082500.nc
+ ncks -A -h -v WIND_10maboveground,WDIR_10maboveground /scratch3/BMC/acomp/Gonzalo.Ferrada/verif/realtime/model_output/RRFS-SD/2026082500/frame_002_aqm_RRFS-SD_2026082500_wind.nc /scratch3/BMC/acomp/Gonzalo.Ferrada/verif/realtime/model_output/RRFS-SD/2026082500/frame_002_aqm_RRFS-SD_2026082500.nc
+ ncks -A -h -v TMP_2maboveground,DPT_2maboveground /scratch3/BMC/acomp/Gonzalo.Ferrada/verif/realtime/model_output/RRFS-SD/2026082500/frame_002_aqm_RRFS-SD_2026082500_temp.nc /scratch3/BMC/acomp/Gonzalo.Ferrada/verif/realtime/model_output/RRFS-SD/2026082500/frame_002_aqm_RRFS-SD_2026082500.nc
+ ncks -A -h -v APCP_surface /scratch3/BMC/acomp/Gonzalo.Ferrada/verif/realtime/model_output/RRFS-SD/2026082500/frame_002_aqm_RRFS-SD_2026082500_precip.nc /scratch3/BMC/acomp/Gonzalo.Ferrada/verif/realtime/model_output/RRFS-SD/2026082500/frame_002_aqm_RRFS-SD_2026082500.nc
+ echo 'Deleting intermediate files...'
Deleting intermediate files...
+ rm -f /scratch3/BMC/acomp/Gonzalo.Ferrada/verif/realtime/model_output/RRFS-SD/2026082500/frame_002_aqm_RRFS-SD_2026082500_aod.nc /scratch3/BMC/acomp/Gonzalo.Ferrada/verif/realtime/model_output/RRFS-SD/2026082500/frame_002_aqm_RRFS-SD_2026082500_ceil.nc /scratch3/BMC/acomp/Gonzalo.Ferrada/verif/realtime/model_output/RRFS-SD/2026082500/frame_002_aqm_RRFS-SD_2026082500_dswrf.nc /scratch3/BMC/acomp/Gonzalo.Ferrada/verif/realtime/model_output/RRFS-SD/2026082500/frame_002_aqm_RRFS-SD_2026082500_dust_coarse.nc /scratch3/BMC/acomp/Gonzalo.Ferrada/verif/realtime/model_output/RRFS-SD/2026082500/frame_002_aqm_RRFS-SD_2026082500_dust_fine.nc /scratch3/BMC/acomp/Gonzalo.Ferrada/verif/realtime/model_output/RRFS-SD/2026082500/frame_002_aqm_RRFS-SD_2026082500_precip.nc /scratch3/BMC/acomp/Gonzalo.Ferrada/verif/realtime/model_output/RRFS-SD/2026082500/frame_002_aqm_RRFS-SD_2026082500_smoke.nc /scratch3/BMC/acomp/Gonzalo.Ferrada/verif/realtime/model_output/RRFS-SD/2026082500/frame_002_aqm_RRFS-SD_2026082500_temp.nc /scratch3/BMC/acomp/Gonzalo.Ferrada/verif/realtime/model_output/RRFS-SD/2026082500/frame_002_aqm_RRFS-SD_2026082500_vis.nc /scratch3/BMC/acomp/Gonzalo.Ferrada/verif/realtime/model_output/RRFS-SD/2026082500/frame_002_aqm_RRFS-SD_2026082500_wind.nc
+ echo 'Final calculations...'
Final calculations...
+ ncap2 -h -O -s 'pm25=float(dust_fine+smoke)' /scratch3/BMC/acomp/Gonzalo.Ferrada/verif/realtime/model_output/RRFS-SD/2026082500/frame_002_aqm_RRFS-SD_2026082500.nc /scratch3/BMC/acomp/Gonzalo.Ferrada/verif/realtime/model_output/RRFS-SD/2026082500/frame_002_aqm_RRFS-SD_2026082500.nc
+ ncap2 -h -O -s 'pm10=float(pm25+dust_coarse)' /scratch3/BMC/acomp/Gonzalo.Ferrada/verif/realtime/model_output/RRFS-SD/2026082500/frame_002_aqm_RRFS-SD_2026082500.nc /scratch3/BMC/acomp/Gonzalo.Ferrada/verif/realtime/model_output/RRFS-SD/2026082500/frame_002_aqm_RRFS-SD_2026082500.nc
+ ncap2 -h -O -s lat=latitude -s lon=longitude /scratch3/BMC/acomp/Gonzalo.Ferrada/verif/realtime/model_output/RRFS-SD/2026082500/frame_002_aqm_RRFS-SD_2026082500.nc /scratch3/BMC/acomp/Gonzalo.Ferrada/verif/realtime/model_output/RRFS-SD/2026082500/frame_002_aqm_RRFS-SD_2026082500.nc
+ ncks -h -O -x -v hlevel /scratch3/BMC/acomp/Gonzalo.Ferrada/verif/realtime/model_output/RRFS-SD/2026082500/frame_002_aqm_RRFS-SD_2026082500.nc /scratch3/BMC/acomp/Gonzalo.Ferrada/verif/realtime/model_output/RRFS-SD/2026082500/frame_002_aqm_RRFS-SD_2026082500.nc
+ echo Compressing...
Compressing...
+ ncks -O -4 -L 3 /scratch3/BMC/acomp/Gonzalo.Ferrada/verif/realtime/model_output/RRFS-SD/2026082500/frame_002_aqm_RRFS-SD_2026082500.nc /scratch3/BMC/acomp/Gonzalo.Ferrada/verif/realtime/model_output/RRFS-SD/2026082500/frame_002_aqm_RRFS-SD_2026082500.nc
+ isfile /scratch3/BMC/acomp/Gonzalo.Ferrada/verif/realtime/model_output/RRFS-SD/2026082500/frame_002_aqm_RRFS-SD_2026082500.nc
+ local file=/scratch3/BMC/acomp/Gonzalo.Ferrada/verif/realtime/model_output/RRFS-SD/2026082500/frame_002_aqm_RRFS-SD_2026082500.nc
+ [[ ! -s /scratch3/BMC/acomp/Gonzalo.Ferrada/verif/realtime/model_output/RRFS-SD/2026082500/frame_002_aqm_RRFS-SD_2026082500.nc ]]
+ echo '/scratch3/BMC/acomp/Gonzalo.Ferrada/verif/realtime/model_output/RRFS-SD/2026082500/frame_002_aqm_RRFS-SD_2026082500.nc created!'
/scratch3/BMC/acomp/Gonzalo.Ferrada/verif/realtime/model_output/RRFS-SD/2026082500/frame_002_aqm_RRFS-SD_2026082500.nc created!
+ (( hh+=MODEL_DT  ))
+ (( hh<=LEAD_HH_END ))
+ printf -v HHH %03d 3
+ fin=/scratch3/BMC/acomp/Sudheer/Fire-nest/Retros/RRFS_A/RT/GRIB2/rrfs.20260825/00/rrfs.t00z.2dfld.3km.f003.na.grib2
+ fout=/scratch3/BMC/acomp/Gonzalo.Ferrada/verif/realtime/model_output/RRFS-SD/2026082500/frame_003_aqm_RRFS-SD_2026082500.nc
+ isfile /scratch3/BMC/acomp/Sudheer/Fire-nest/Retros/RRFS_A/RT/GRIB2/rrfs.20260825/00/rrfs.t00z.2dfld.3km.f003.na.grib2
+ local file=/scratch3/BMC/acomp/Sudheer/Fire-nest/Retros/RRFS_A/RT/GRIB2/rrfs.20260825/00/rrfs.t00z.2dfld.3km.f003.na.grib2
+ [[ ! -s /scratch3/BMC/acomp/Sudheer/Fire-nest/Retros/RRFS_A/RT/GRIB2/rrfs.20260825/00/rrfs.t00z.2dfld.3km.f003.na.grib2 ]]
+ echo ==============================================================================
==============================================================================
+ echo 'Working on /scratch3/BMC/acomp/Gonzalo.Ferrada/verif/realtime/model_output/RRFS-SD/2026082500/frame_003_aqm_RRFS-SD_2026082500.nc'
Working on /scratch3/BMC/acomp/Gonzalo.Ferrada/verif/realtime/model_output/RRFS-SD/2026082500/frame_003_aqm_RRFS-SD_2026082500.nc
+ echo 'Extracting GRIB2 variables...'
Extracting GRIB2 variables...
+ extract_grib AOTK /scratch3/BMC/acomp/Sudheer/Fire-nest/Retros/RRFS_A/RT/GRIB2/rrfs.20260825/00/rrfs.t00z.2dfld.3km.f003.na.grib2 /scratch3/BMC/acomp/Gonzalo.Ferrada/verif/realtime/model_output/RRFS-SD/2026082500/frame_003_aqm_RRFS-SD_2026082500_aod.nc AOTK_entireatmosphere_consideredasasinglelayer_ AOD550
+ local match=AOTK
+ local fin=/scratch3/BMC/acomp/Sudheer/Fire-nest/Retros/RRFS_A/RT/GRIB2/rrfs.20260825/00/rrfs.t00z.2dfld.3km.f003.na.grib2
+ local outfile=/scratch3/BMC/acomp/Gonzalo.Ferrada/verif/realtime/model_output/RRFS-SD/2026082500/frame_003_aqm_RRFS-SD_2026082500_aod.nc
+ local rename_from=AOTK_entireatmosphere_consideredasasinglelayer_
+ local rename_to=AOD550
+ wgrib2 -nc_nlev 1 -match AOTK -set center 7 /scratch3/BMC/acomp/Sudheer/Fire-nest/Retros/RRFS_A/RT/GRIB2/rrfs.20260825/00/rrfs.t00z.2dfld.3km.f003.na.grib2 -netcdf /scratch3/BMC/acomp/Gonzalo.Ferrada/verif/realtime/model_output/RRFS-SD/2026082500/frame_003_aqm_RRFS-SD_2026082500_aod.nc
netcdf: doesn't support yet grid_template 1
147:737187988:d=2026082500:AOTK:entire atmosphere (considered as a single layer):3 hour fcst:
+ [[ -n AOTK_entireatmosphere_consideredasasinglelayer_ ]]
+ ncrename -h -v AOTK_entireatmosphere_consideredasasinglelayer_,AOD550 /scratch3/BMC/acomp/Gonzalo.Ferrada/verif/realtime/model_output/RRFS-SD/2026082500/frame_003_aqm_RRFS-SD_2026082500_aod.nc
+ extract_grib DSWRF /scratch3/BMC/acomp/Sudheer/Fire-nest/Retros/RRFS_A/RT/GRIB2/rrfs.20260825/00/rrfs.t00z.2dfld.3km.f003.na.grib2 /scratch3/BMC/acomp/Gonzalo.Ferrada/verif/realtime/model_output/RRFS-SD/2026082500/frame_003_aqm_RRFS-SD_2026082500_dswrf.nc '' ''
+ local match=DSWRF
+ local fin=/scratch3/BMC/acomp/Sudheer/Fire-nest/Retros/RRFS_A/RT/GRIB2/rrfs.20260825/00/rrfs.t00z.2dfld.3km.f003.na.grib2
+ local outfile=/scratch3/BMC/acomp/Gonzalo.Ferrada/verif/realtime/model_output/RRFS-SD/2026082500/frame_003_aqm_RRFS-SD_2026082500_dswrf.nc
+ local rename_from=
+ local rename_to=
+ wgrib2 -nc_nlev 1 -match DSWRF -set center 7 /scratch3/BMC/acomp/Sudheer/Fire-nest/Retros/RRFS_A/RT/GRIB2/rrfs.20260825/00/rrfs.t00z.2dfld.3km.f003.na.grib2 -netcdf /scratch3/BMC/acomp/Gonzalo.Ferrada/verif/realtime/model_output/RRFS-SD/2026082500/frame_003_aqm_RRFS-SD_2026082500_dswrf.nc
netcdf: doesn't support yet grid_template 1
173:964961865:d=2026082500:DSWRF:surface:2-3 hour ave fcst:
180:1015335540:d=2026082500:DSWRF:surface:3 hour fcst:
+ [[ -n '' ]]
+ extract_grib VIS /scratch3/BMC/acomp/Sudheer/Fire-nest/Retros/RRFS_A/RT/GRIB2/rrfs.20260825/00/rrfs.t00z.2dfld.3km.f003.na.grib2 /scratch3/BMC/acomp/Gonzalo.Ferrada/verif/realtime/model_output/RRFS-SD/2026082500/frame_003_aqm_RRFS-SD_2026082500_vis.nc '' ''
+ local match=VIS
+ local fin=/scratch3/BMC/acomp/Sudheer/Fire-nest/Retros/RRFS_A/RT/GRIB2/rrfs.20260825/00/rrfs.t00z.2dfld.3km.f003.na.grib2
+ local outfile=/scratch3/BMC/acomp/Gonzalo.Ferrada/verif/realtime/model_output/RRFS-SD/2026082500/frame_003_aqm_RRFS-SD_2026082500_vis.nc
+ local rename_from=
+ local rename_to=
+ wgrib2 -nc_nlev 1 -match VIS -set center 7 /scratch3/BMC/acomp/Sudheer/Fire-nest/Retros/RRFS_A/RT/GRIB2/rrfs.20260825/00/rrfs.t00z.2dfld.3km.f003.na.grib2 -netcdf /scratch3/BMC/acomp/Gonzalo.Ferrada/verif/realtime/model_output/RRFS-SD/2026082500/frame_003_aqm_RRFS-SD_2026082500_vis.nc
netcdf: doesn't support yet grid_template 1
5:24825888:d=2026082500:VIS:surface:3 hour fcst:
+ [[ -n '' ]]
+ extract_grib 'HGT:cloud ceiling' /scratch3/BMC/acomp/Sudheer/Fire-nest/Retros/RRFS_A/RT/GRIB2/rrfs.20260825/00/rrfs.t00z.2dfld.3km.f003.na.grib2 /scratch3/BMC/acomp/Gonzalo.Ferrada/verif/realtime/model_output/RRFS-SD/2026082500/frame_003_aqm_RRFS-SD_2026082500_ceil.nc '' ''
+ local 'match=HGT:cloud ceiling'
+ local fin=/scratch3/BMC/acomp/Sudheer/Fire-nest/Retros/RRFS_A/RT/GRIB2/rrfs.20260825/00/rrfs.t00z.2dfld.3km.f003.na.grib2
+ local outfile=/scratch3/BMC/acomp/Gonzalo.Ferrada/verif/realtime/model_output/RRFS-SD/2026082500/frame_003_aqm_RRFS-SD_2026082500_ceil.nc
+ local rename_from=
+ local rename_to=
+ wgrib2 -nc_nlev 1 -match 'HGT:cloud ceiling' -set center 7 /scratch3/BMC/acomp/Sudheer/Fire-nest/Retros/RRFS_A/RT/GRIB2/rrfs.20260825/00/rrfs.t00z.2dfld.3km.f003.na.grib2 -netcdf /scratch3/BMC/acomp/Gonzalo.Ferrada/verif/realtime/model_output/RRFS-SD/2026082500/frame_003_aqm_RRFS-SD_2026082500_ceil.nc
netcdf: doesn't support yet grid_template 1
165:859246920:d=2026082500:HGT:cloud ceiling:3 hour fcst:
+ [[ -n '' ]]
+ extract_grib 'Dust dry:aerosol_size <2.5e-06' /scratch3/BMC/acomp/Sudheer/Fire-nest/Retros/RRFS_A/RT/GRIB2/rrfs.20260825/00/rrfs.t00z.2dfld.3km.f003.na.grib2 /scratch3/BMC/acomp/Gonzalo.Ferrada/verif/realtime/model_output/RRFS-SD/2026082500/frame_003_aqm_RRFS-SD_2026082500_dust_fine.nc MASSDEN_8maboveground dust_fine
+ local 'match=Dust dry:aerosol_size <2.5e-06'
+ local fin=/scratch3/BMC/acomp/Sudheer/Fire-nest/Retros/RRFS_A/RT/GRIB2/rrfs.20260825/00/rrfs.t00z.2dfld.3km.f003.na.grib2
+ local outfile=/scratch3/BMC/acomp/Gonzalo.Ferrada/verif/realtime/model_output/RRFS-SD/2026082500/frame_003_aqm_RRFS-SD_2026082500_dust_fine.nc
+ local rename_from=MASSDEN_8maboveground
+ local rename_to=dust_fine
+ wgrib2 -nc_nlev 1 -match 'Dust dry:aerosol_size <2.5e-06' -set center 7 /scratch3/BMC/acomp/Sudheer/Fire-nest/Retros/RRFS_A/RT/GRIB2/rrfs.20260825/00/rrfs.t00z.2dfld.3km.f003.na.grib2 -netcdf /scratch3/BMC/acomp/Gonzalo.Ferrada/verif/realtime/model_output/RRFS-SD/2026082500/frame_003_aqm_RRFS-SD_2026082500_dust_fine.nc
netcdf: doesn't support yet grid_template 1
84:491056548:d=2026082500:MASSDEN:8 m above ground:3 hour fcst:aerosol=Dust dry:aerosol_size <2.5e-06:
149:755830838:d=2026082500:COLMD:entire atmosphere (considered as a single layer):3 hour fcst:aerosol=Dust dry:aerosol_size <2.5e-06:
+ [[ -n MASSDEN_8maboveground ]]
+ ncrename -h -v MASSDEN_8maboveground,dust_fine /scratch3/BMC/acomp/Gonzalo.Ferrada/verif/realtime/model_output/RRFS-SD/2026082500/frame_003_aqm_RRFS-SD_2026082500_dust_fine.nc
+ extract_grib 'Dust dry:aerosol_size >=2.5e-06' /scratch3/BMC/acomp/Sudheer/Fire-nest/Retros/RRFS_A/RT/GRIB2/rrfs.20260825/00/rrfs.t00z.2dfld.3km.f003.na.grib2 /scratch3/BMC/acomp/Gonzalo.Ferrada/verif/realtime/model_output/RRFS-SD/2026082500/frame_003_aqm_RRFS-SD_2026082500_dust_coarse.nc MASSDEN_8maboveground dust_coarse
+ local 'match=Dust dry:aerosol_size >=2.5e-06'
+ local fin=/scratch3/BMC/acomp/Sudheer/Fire-nest/Retros/RRFS_A/RT/GRIB2/rrfs.20260825/00/rrfs.t00z.2dfld.3km.f003.na.grib2
+ local outfile=/scratch3/BMC/acomp/Gonzalo.Ferrada/verif/realtime/model_output/RRFS-SD/2026082500/frame_003_aqm_RRFS-SD_2026082500_dust_coarse.nc
+ local rename_from=MASSDEN_8maboveground
+ local rename_to=dust_coarse
+ wgrib2 -nc_nlev 1 -match 'Dust dry:aerosol_size >=2.5e-06' -set center 7 /scratch3/BMC/acomp/Sudheer/Fire-nest/Retros/RRFS_A/RT/GRIB2/rrfs.20260825/00/rrfs.t00z.2dfld.3km.f003.na.grib2 -netcdf /scratch3/BMC/acomp/Gonzalo.Ferrada/verif/realtime/model_output/RRFS-SD/2026082500/frame_003_aqm_RRFS-SD_2026082500_dust_coarse.nc
netcdf: doesn't support yet grid_template 1
87:500203067:d=2026082500:MASSDEN:8 m above ground:3 hour fcst:aerosol=Dust dry:aerosol_size >=2.5e-06,<1e-05:
150:760015227:d=2026082500:COLMD:entire atmosphere (considered as a single layer):3 hour fcst:aerosol=Dust dry:aerosol_size >=2.5e-06,<1e-05:
+ [[ -n MASSDEN_8maboveground ]]
+ ncrename -h -v MASSDEN_8maboveground,dust_coarse /scratch3/BMC/acomp/Gonzalo.Ferrada/verif/realtime/model_output/RRFS-SD/2026082500/frame_003_aqm_RRFS-SD_2026082500_dust_coarse.nc
+ extract_grib organic /scratch3/BMC/acomp/Sudheer/Fire-nest/Retros/RRFS_A/RT/GRIB2/rrfs.20260825/00/rrfs.t00z.2dfld.3km.f003.na.grib2 /scratch3/BMC/acomp/Gonzalo.Ferrada/verif/realtime/model_output/RRFS-SD/2026082500/frame_003_aqm_RRFS-SD_2026082500_smoke.nc MASSDEN_8maboveground smoke
+ local match=organic
+ local fin=/scratch3/BMC/acomp/Sudheer/Fire-nest/Retros/RRFS_A/RT/GRIB2/rrfs.20260825/00/rrfs.t00z.2dfld.3km.f003.na.grib2
+ local outfile=/scratch3/BMC/acomp/Gonzalo.Ferrada/verif/realtime/model_output/RRFS-SD/2026082500/frame_003_aqm_RRFS-SD_2026082500_smoke.nc
+ local rename_from=MASSDEN_8maboveground
+ local rename_to=smoke
+ wgrib2 -nc_nlev 1 -match organic -set center 7 /scratch3/BMC/acomp/Sudheer/Fire-nest/Retros/RRFS_A/RT/GRIB2/rrfs.20260825/00/rrfs.t00z.2dfld.3km.f003.na.grib2 -netcdf /scratch3/BMC/acomp/Gonzalo.Ferrada/verif/realtime/model_output/RRFS-SD/2026082500/frame_003_aqm_RRFS-SD_2026082500_smoke.nc
netcdf: doesn't support yet grid_template 1
83:487676744:d=2026082500:MASSDEN:8 m above ground:3 hour fcst:aerosol=Particulate organic matter dry:aerosol_size <2.5e-06:
148:751195111:d=2026082500:COLMD:entire atmosphere (considered as a single layer):3 hour fcst:aerosol=Particulate organic matter dry:aerosol_size <2.5e-06:
153:774912128:d=2026082500:AEMFLX:entire atmosphere (considered as a single layer):3 hour fcst:aerosol=Particulate organic matter dry:aerosol_size <2.5e-06:
+ [[ -n MASSDEN_8maboveground ]]
+ ncrename -h -v MASSDEN_8maboveground,smoke /scratch3/BMC/acomp/Gonzalo.Ferrada/verif/realtime/model_output/RRFS-SD/2026082500/frame_003_aqm_RRFS-SD_2026082500_smoke.nc
+ extract_grib ':(UGRD|VGRD):10 m above ground:' /scratch3/BMC/acomp/Sudheer/Fire-nest/Retros/RRFS_A/RT/GRIB2/rrfs.20260825/00/rrfs.t00z.2dfld.3km.f003.na.grib2 /scratch3/BMC/acomp/Gonzalo.Ferrada/verif/realtime/model_output/RRFS-SD/2026082500/frame_003_aqm_RRFS-SD_2026082500_wind.nc '' ''
+ local 'match=:(UGRD|VGRD):10 m above ground:'
+ local fin=/scratch3/BMC/acomp/Sudheer/Fire-nest/Retros/RRFS_A/RT/GRIB2/rrfs.20260825/00/rrfs.t00z.2dfld.3km.f003.na.grib2
+ local outfile=/scratch3/BMC/acomp/Gonzalo.Ferrada/verif/realtime/model_output/RRFS-SD/2026082500/frame_003_aqm_RRFS-SD_2026082500_wind.nc
+ local rename_from=
+ local rename_to=
+ wgrib2 -nc_nlev 1 -match ':(UGRD|VGRD):10 m above ground:' -set center 7 /scratch3/BMC/acomp/Sudheer/Fire-nest/Retros/RRFS_A/RT/GRIB2/rrfs.20260825/00/rrfs.t00z.2dfld.3km.f003.na.grib2 -netcdf /scratch3/BMC/acomp/Gonzalo.Ferrada/verif/realtime/model_output/RRFS-SD/2026082500/frame_003_aqm_RRFS-SD_2026082500_wind.nc
netcdf: doesn't support yet grid_template 1
88:502194312:d=2026082500:UGRD:10 m above ground:3 hour fcst:
89:513637819:d=2026082500:VGRD:10 m above ground:3 hour fcst:
+ [[ -n '' ]]
+ extract_grib ':(DPT|TMP):2 m above ground:' /scratch3/BMC/acomp/Sudheer/Fire-nest/Retros/RRFS_A/RT/GRIB2/rrfs.20260825/00/rrfs.t00z.2dfld.3km.f003.na.grib2 /scratch3/BMC/acomp/Gonzalo.Ferrada/verif/realtime/model_output/RRFS-SD/2026082500/frame_003_aqm_RRFS-SD_2026082500_temp.nc '' ''
+ local 'match=:(DPT|TMP):2 m above ground:'
+ local fin=/scratch3/BMC/acomp/Sudheer/Fire-nest/Retros/RRFS_A/RT/GRIB2/rrfs.20260825/00/rrfs.t00z.2dfld.3km.f003.na.grib2
+ local outfile=/scratch3/BMC/acomp/Gonzalo.Ferrada/verif/realtime/model_output/RRFS-SD/2026082500/frame_003_aqm_RRFS-SD_2026082500_temp.nc
+ local rename_from=
+ local rename_to=
+ wgrib2 -nc_nlev 1 -match ':(DPT|TMP):2 m above ground:' -set center 7 /scratch3/BMC/acomp/Sudheer/Fire-nest/Retros/RRFS_A/RT/GRIB2/rrfs.20260825/00/rrfs.t00z.2dfld.3km.f003.na.grib2 -netcdf /scratch3/BMC/acomp/Gonzalo.Ferrada/verif/realtime/model_output/RRFS-SD/2026082500/frame_003_aqm_RRFS-SD_2026082500_temp.nc
netcdf: doesn't support yet grid_template 1
74:404535553:d=2026082500:TMP:2 m above ground:3 hour fcst:
76:424746873:d=2026082500:DPT:2 m above ground:3 hour fcst:
+ [[ -n '' ]]
+ extract_grib APCP /scratch3/BMC/acomp/Sudheer/Fire-nest/Retros/RRFS_A/RT/GRIB2/rrfs.20260825/00/rrfs.t00z.2dfld.3km.f003.na.grib2 /scratch3/BMC/acomp/Gonzalo.Ferrada/verif/realtime/model_output/RRFS-SD/2026082500/frame_003_aqm_RRFS-SD_2026082500_precip.nc '' ''
+ local match=APCP
+ local fin=/scratch3/BMC/acomp/Sudheer/Fire-nest/Retros/RRFS_A/RT/GRIB2/rrfs.20260825/00/rrfs.t00z.2dfld.3km.f003.na.grib2
+ local outfile=/scratch3/BMC/acomp/Gonzalo.Ferrada/verif/realtime/model_output/RRFS-SD/2026082500/frame_003_aqm_RRFS-SD_2026082500_precip.nc
+ local rename_from=
+ local rename_to=
+ wgrib2 -nc_nlev 1 -match APCP -set center 7 /scratch3/BMC/acomp/Sudheer/Fire-nest/Retros/RRFS_A/RT/GRIB2/rrfs.20260825/00/rrfs.t00z.2dfld.3km.f003.na.grib2 -netcdf /scratch3/BMC/acomp/Gonzalo.Ferrada/verif/realtime/model_output/RRFS-SD/2026082500/frame_003_aqm_RRFS-SD_2026082500_precip.nc
netcdf: doesn't support yet grid_template 1
97:563791052:d=2026082500:APCP:surface:2-3 hour acc fcst:
98:567141001:d=2026082500:APCP:surface:0-3 hour acc fcst:
+ [[ -n '' ]]
+ echo 'Calculations (ncap2)...'
Calculations (ncap2)...
+ ncap2 -O -h -s 'WIND_10maboveground=float(sqrt(UGRD_10maboveground^2 + VGRD_10maboveground^2))' /scratch3/BMC/acomp/Gonzalo.Ferrada/verif/realtime/model_output/RRFS-SD/2026082500/frame_003_aqm_RRFS-SD_2026082500_wind.nc /scratch3/BMC/acomp/Gonzalo.Ferrada/verif/realtime/model_output/RRFS-SD/2026082500/frame_003_aqm_RRFS-SD_2026082500_wind.nc
+ ncap2 -O -h -s 'WDIR_10maboveground=float(180.+(180./3.14159)*atan2(UGRD_10maboveground,VGRD_10maboveground))' /scratch3/BMC/acomp/Gonzalo.Ferrada/verif/realtime/model_output/RRFS-SD/2026082500/frame_003_aqm_RRFS-SD_2026082500_wind.nc /scratch3/BMC/acomp/Gonzalo.Ferrada/verif/realtime/model_output/RRFS-SD/2026082500/frame_003_aqm_RRFS-SD_2026082500_wind.nc
+ ncap2 -O -h -s 'TMP_2maboveground=float(TMP_2maboveground-273.15)' /scratch3/BMC/acomp/Gonzalo.Ferrada/verif/realtime/model_output/RRFS-SD/2026082500/frame_003_aqm_RRFS-SD_2026082500_temp.nc /scratch3/BMC/acomp/Gonzalo.Ferrada/verif/realtime/model_output/RRFS-SD/2026082500/frame_003_aqm_RRFS-SD_2026082500_temp.nc
+ ncap2 -O -h -s 'DPT_2maboveground=float(DPT_2maboveground-273.15)' /scratch3/BMC/acomp/Gonzalo.Ferrada/verif/realtime/model_output/RRFS-SD/2026082500/frame_003_aqm_RRFS-SD_2026082500_temp.nc /scratch3/BMC/acomp/Gonzalo.Ferrada/verif/realtime/model_output/RRFS-SD/2026082500/frame_003_aqm_RRFS-SD_2026082500_temp.nc
+ ncap2 -O -h -s 'dust_fine=float(1.e9*dust_fine)' /scratch3/BMC/acomp/Gonzalo.Ferrada/verif/realtime/model_output/RRFS-SD/2026082500/frame_003_aqm_RRFS-SD_2026082500_dust_fine.nc /scratch3/BMC/acomp/Gonzalo.Ferrada/verif/realtime/model_output/RRFS-SD/2026082500/frame_003_aqm_RRFS-SD_2026082500_dust_fine.nc
+ ncap2 -O -h -s 'dust_coarse=float(1.e9*dust_coarse)' /scratch3/BMC/acomp/Gonzalo.Ferrada/verif/realtime/model_output/RRFS-SD/2026082500/frame_003_aqm_RRFS-SD_2026082500_dust_coarse.nc /scratch3/BMC/acomp/Gonzalo.Ferrada/verif/realtime/model_output/RRFS-SD/2026082500/frame_003_aqm_RRFS-SD_2026082500_dust_coarse.nc
+ ncap2 -O -h -s 'smoke=float(1.e9*smoke)' /scratch3/BMC/acomp/Gonzalo.Ferrada/verif/realtime/model_output/RRFS-SD/2026082500/frame_003_aqm_RRFS-SD_2026082500_smoke.nc /scratch3/BMC/acomp/Gonzalo.Ferrada/verif/realtime/model_output/RRFS-SD/2026082500/frame_003_aqm_RRFS-SD_2026082500_smoke.nc
+ ncap2 -O -h -s 'VIS_surface=float(0.000621371*VIS_surface)' /scratch3/BMC/acomp/Gonzalo.Ferrada/verif/realtime/model_output/RRFS-SD/2026082500/frame_003_aqm_RRFS-SD_2026082500_vis.nc /scratch3/BMC/acomp/Gonzalo.Ferrada/verif/realtime/model_output/RRFS-SD/2026082500/frame_003_aqm_RRFS-SD_2026082500_vis.nc
+ ncap2 -O -h -s 'where(VIS_surface>10.0) VIS_surface=10.0' /scratch3/BMC/acomp/Gonzalo.Ferrada/verif/realtime/model_output/RRFS-SD/2026082500/frame_003_aqm_RRFS-SD_2026082500_vis.nc /scratch3/BMC/acomp/Gonzalo.Ferrada/verif/realtime/model_output/RRFS-SD/2026082500/frame_003_aqm_RRFS-SD_2026082500_vis.nc
+ echo 'Merging to /scratch3/BMC/acomp/Gonzalo.Ferrada/verif/realtime/model_output/RRFS-SD/2026082500/frame_003_aqm_RRFS-SD_2026082500.nc...'
Merging to /scratch3/BMC/acomp/Gonzalo.Ferrada/verif/realtime/model_output/RRFS-SD/2026082500/frame_003_aqm_RRFS-SD_2026082500.nc...
+ ncks -A -h /scratch3/BMC/acomp/Gonzalo.Ferrada/verif/realtime/model_output/RRFS-SD/2026082500/frame_003_aqm_RRFS-SD_2026082500_aod.nc /scratch3/BMC/acomp/Gonzalo.Ferrada/verif/realtime/model_output/RRFS-SD/2026082500/frame_003_aqm_RRFS-SD_2026082500.nc
+ ncks -A -h -v DSWRF_surface /scratch3/BMC/acomp/Gonzalo.Ferrada/verif/realtime/model_output/RRFS-SD/2026082500/frame_003_aqm_RRFS-SD_2026082500_dswrf.nc /scratch3/BMC/acomp/Gonzalo.Ferrada/verif/realtime/model_output/RRFS-SD/2026082500/frame_003_aqm_RRFS-SD_2026082500.nc
+ ncks -A -h -v VIS_surface /scratch3/BMC/acomp/Gonzalo.Ferrada/verif/realtime/model_output/RRFS-SD/2026082500/frame_003_aqm_RRFS-SD_2026082500_vis.nc /scratch3/BMC/acomp/Gonzalo.Ferrada/verif/realtime/model_output/RRFS-SD/2026082500/frame_003_aqm_RRFS-SD_2026082500.nc
+ ncks -A -h -v HGT_cloudceiling /scratch3/BMC/acomp/Gonzalo.Ferrada/verif/realtime/model_output/RRFS-SD/2026082500/frame_003_aqm_RRFS-SD_2026082500_ceil.nc /scratch3/BMC/acomp/Gonzalo.Ferrada/verif/realtime/model_output/RRFS-SD/2026082500/frame_003_aqm_RRFS-SD_2026082500.nc
+ ncks -A -h -v dust_fine /scratch3/BMC/acomp/Gonzalo.Ferrada/verif/realtime/model_output/RRFS-SD/2026082500/frame_003_aqm_RRFS-SD_2026082500_dust_fine.nc /scratch3/BMC/acomp/Gonzalo.Ferrada/verif/realtime/model_output/RRFS-SD/2026082500/frame_003_aqm_RRFS-SD_2026082500.nc
+ ncks -A -h -v dust_coarse /scratch3/BMC/acomp/Gonzalo.Ferrada/verif/realtime/model_output/RRFS-SD/2026082500/frame_003_aqm_RRFS-SD_2026082500_dust_coarse.nc /scratch3/BMC/acomp/Gonzalo.Ferrada/verif/realtime/model_output/RRFS-SD/2026082500/frame_003_aqm_RRFS-SD_2026082500.nc
+ ncks -A -h -v smoke /scratch3/BMC/acomp/Gonzalo.Ferrada/verif/realtime/model_output/RRFS-SD/2026082500/frame_003_aqm_RRFS-SD_2026082500_smoke.nc /scratch3/BMC/acomp/Gonzalo.Ferrada/verif/realtime/model_output/RRFS-SD/2026082500/frame_003_aqm_RRFS-SD_2026082500.nc
+ ncks -A -h -v WIND_10maboveground,WDIR_10maboveground /scratch3/BMC/acomp/Gonzalo.Ferrada/verif/realtime/model_output/RRFS-SD/2026082500/frame_003_aqm_RRFS-SD_2026082500_wind.nc /scratch3/BMC/acomp/Gonzalo.Ferrada/verif/realtime/model_output/RRFS-SD/2026082500/frame_003_aqm_RRFS-SD_2026082500.nc
+ ncks -A -h -v TMP_2maboveground,DPT_2maboveground /scratch3/BMC/acomp/Gonzalo.Ferrada/verif/realtime/model_output/RRFS-SD/2026082500/frame_003_aqm_RRFS-SD_2026082500_temp.nc /scratch3/BMC/acomp/Gonzalo.Ferrada/verif/realtime/model_output/RRFS-SD/2026082500/frame_003_aqm_RRFS-SD_2026082500.nc
+ ncks -A -h -v APCP_surface /scratch3/BMC/acomp/Gonzalo.Ferrada/verif/realtime/model_output/RRFS-SD/2026082500/frame_003_aqm_RRFS-SD_2026082500_precip.nc /scratch3/BMC/acomp/Gonzalo.Ferrada/verif/realtime/model_output/RRFS-SD/2026082500/frame_003_aqm_RRFS-SD_2026082500.nc
+ echo 'Deleting intermediate files...'
Deleting intermediate files...
+ rm -f /scratch3/BMC/acomp/Gonzalo.Ferrada/verif/realtime/model_output/RRFS-SD/2026082500/frame_003_aqm_RRFS-SD_2026082500_aod.nc /scratch3/BMC/acomp/Gonzalo.Ferrada/verif/realtime/model_output/RRFS-SD/2026082500/frame_003_aqm_RRFS-SD_2026082500_ceil.nc /scratch3/BMC/acomp/Gonzalo.Ferrada/verif/realtime/model_output/RRFS-SD/2026082500/frame_003_aqm_RRFS-SD_2026082500_dswrf.nc /scratch3/BMC/acomp/Gonzalo.Ferrada/verif/realtime/model_output/RRFS-SD/2026082500/frame_003_aqm_RRFS-SD_2026082500_dust_coarse.nc /scratch3/BMC/acomp/Gonzalo.Ferrada/verif/realtime/model_output/RRFS-SD/2026082500/frame_003_aqm_RRFS-SD_2026082500_dust_fine.nc /scratch3/BMC/acomp/Gonzalo.Ferrada/verif/realtime/model_output/RRFS-SD/2026082500/frame_003_aqm_RRFS-SD_2026082500_precip.nc /scratch3/BMC/acomp/Gonzalo.Ferrada/verif/realtime/model_output/RRFS-SD/2026082500/frame_003_aqm_RRFS-SD_2026082500_smoke.nc /scratch3/BMC/acomp/Gonzalo.Ferrada/verif/realtime/model_output/RRFS-SD/2026082500/frame_003_aqm_RRFS-SD_2026082500_temp.nc /scratch3/BMC/acomp/Gonzalo.Ferrada/verif/realtime/model_output/RRFS-SD/2026082500/frame_003_aqm_RRFS-SD_2026082500_vis.nc /scratch3/BMC/acomp/Gonzalo.Ferrada/verif/realtime/model_output/RRFS-SD/2026082500/frame_003_aqm_RRFS-SD_2026082500_wind.nc
+ echo 'Final calculations...'
Final calculations...
+ ncap2 -h -O -s 'pm25=float(dust_fine+smoke)' /scratch3/BMC/acomp/Gonzalo.Ferrada/verif/realtime/model_output/RRFS-SD/2026082500/frame_003_aqm_RRFS-SD_2026082500.nc /scratch3/BMC/acomp/Gonzalo.Ferrada/verif/realtime/model_output/RRFS-SD/2026082500/frame_003_aqm_RRFS-SD_2026082500.nc
+ ncap2 -h -O -s 'pm10=float(pm25+dust_coarse)' /scratch3/BMC/acomp/Gonzalo.Ferrada/verif/realtime/model_output/RRFS-SD/2026082500/frame_003_aqm_RRFS-SD_2026082500.nc /scratch3/BMC/acomp/Gonzalo.Ferrada/verif/realtime/model_output/RRFS-SD/2026082500/frame_003_aqm_RRFS-SD_2026082500.nc
+ ncap2 -h -O -s lat=latitude -s lon=longitude /scratch3/BMC/acomp/Gonzalo.Ferrada/verif/realtime/model_output/RRFS-SD/2026082500/frame_003_aqm_RRFS-SD_2026082500.nc /scratch3/BMC/acomp/Gonzalo.Ferrada/verif/realtime/model_output/RRFS-SD/2026082500/frame_003_aqm_RRFS-SD_2026082500.nc
+ ncks -h -O -x -v hlevel /scratch3/BMC/acomp/Gonzalo.Ferrada/verif/realtime/model_output/RRFS-SD/2026082500/frame_003_aqm_RRFS-SD_2026082500.nc /scratch3/BMC/acomp/Gonzalo.Ferrada/verif/realtime/model_output/RRFS-SD/2026082500/frame_003_aqm_RRFS-SD_2026082500.nc
+ echo Compressing...
Compressing...
+ ncks -O -4 -L 3 /scratch3/BMC/acomp/Gonzalo.Ferrada/verif/realtime/model_output/RRFS-SD/2026082500/frame_003_aqm_RRFS-SD_2026082500.nc /scratch3/BMC/acomp/Gonzalo.Ferrada/verif/realtime/model_output/RRFS-SD/2026082500/frame_003_aqm_RRFS-SD_2026082500.nc
+ isfile /scratch3/BMC/acomp/Gonzalo.Ferrada/verif/realtime/model_output/RRFS-SD/2026082500/frame_003_aqm_RRFS-SD_2026082500.nc
+ local file=/scratch3/BMC/acomp/Gonzalo.Ferrada/verif/realtime/model_output/RRFS-SD/2026082500/frame_003_aqm_RRFS-SD_2026082500.nc
+ [[ ! -s /scratch3/BMC/acomp/Gonzalo.Ferrada/verif/realtime/model_output/RRFS-SD/2026082500/frame_003_aqm_RRFS-SD_2026082500.nc ]]
+ echo '/scratch3/BMC/acomp/Gonzalo.Ferrada/verif/realtime/model_output/RRFS-SD/2026082500/frame_003_aqm_RRFS-SD_2026082500.nc created!'
/scratch3/BMC/acomp/Gonzalo.Ferrada/verif/realtime/model_output/RRFS-SD/2026082500/frame_003_aqm_RRFS-SD_2026082500.nc created!
+ (( hh+=MODEL_DT  ))
+ (( hh<=LEAD_HH_END ))
+ printf -v HHH %03d 4
+ fin=/scratch3/BMC/acomp/Sudheer/Fire-nest/Retros/RRFS_A/RT/GRIB2/rrfs.20260825/00/rrfs.t00z.2dfld.3km.f004.na.grib2
+ fout=/scratch3/BMC/acomp/Gonzalo.Ferrada/verif/realtime/model_output/RRFS-SD/2026082500/frame_004_aqm_RRFS-SD_2026082500.nc
+ isfile /scratch3/BMC/acomp/Sudheer/Fire-nest/Retros/RRFS_A/RT/GRIB2/rrfs.20260825/00/rrfs.t00z.2dfld.3km.f004.na.grib2
+ local file=/scratch3/BMC/acomp/Sudheer/Fire-nest/Retros/RRFS_A/RT/GRIB2/rrfs.20260825/00/rrfs.t00z.2dfld.3km.f004.na.grib2
+ [[ ! -s /scratch3/BMC/acomp/Sudheer/Fire-nest/Retros/RRFS_A/RT/GRIB2/rrfs.20260825/00/rrfs.t00z.2dfld.3km.f004.na.grib2 ]]
+ echo ==============================================================================
==============================================================================
+ echo 'Working on /scratch3/BMC/acomp/Gonzalo.Ferrada/verif/realtime/model_output/RRFS-SD/2026082500/frame_004_aqm_RRFS-SD_2026082500.nc'
Working on /scratch3/BMC/acomp/Gonzalo.Ferrada/verif/realtime/model_output/RRFS-SD/2026082500/frame_004_aqm_RRFS-SD_2026082500.nc
+ echo 'Extracting GRIB2 variables...'
Extracting GRIB2 variables...
+ extract_grib AOTK /scratch3/BMC/acomp/Sudheer/Fire-nest/Retros/RRFS_A/RT/GRIB2/rrfs.20260825/00/rrfs.t00z.2dfld.3km.f004.na.grib2 /scratch3/BMC/acomp/Gonzalo.Ferrada/verif/realtime/model_output/RRFS-SD/2026082500/frame_004_aqm_RRFS-SD_2026082500_aod.nc AOTK_entireatmosphere_consideredasasinglelayer_ AOD550
+ local match=AOTK
+ local fin=/scratch3/BMC/acomp/Sudheer/Fire-nest/Retros/RRFS_A/RT/GRIB2/rrfs.20260825/00/rrfs.t00z.2dfld.3km.f004.na.grib2
+ local outfile=/scratch3/BMC/acomp/Gonzalo.Ferrada/verif/realtime/model_output/RRFS-SD/2026082500/frame_004_aqm_RRFS-SD_2026082500_aod.nc
+ local rename_from=AOTK_entireatmosphere_consideredasasinglelayer_
+ local rename_to=AOD550
+ wgrib2 -nc_nlev 1 -match AOTK -set center 7 /scratch3/BMC/acomp/Sudheer/Fire-nest/Retros/RRFS_A/RT/GRIB2/rrfs.20260825/00/rrfs.t00z.2dfld.3km.f004.na.grib2 -netcdf /scratch3/BMC/acomp/Gonzalo.Ferrada/verif/realtime/model_output/RRFS-SD/2026082500/frame_004_aqm_RRFS-SD_2026082500_aod.nc
netcdf: doesn't support yet grid_template 1
147:740305590:d=2026082500:AOTK:entire atmosphere (considered as a single layer):4 hour fcst:
+ [[ -n AOTK_entireatmosphere_consideredasasinglelayer_ ]]
+ ncrename -h -v AOTK_entireatmosphere_consideredasasinglelayer_,AOD550 /scratch3/BMC/acomp/Gonzalo.Ferrada/verif/realtime/model_output/RRFS-SD/2026082500/frame_004_aqm_RRFS-SD_2026082500_aod.nc
+ extract_grib DSWRF /scratch3/BMC/acomp/Sudheer/Fire-nest/Retros/RRFS_A/RT/GRIB2/rrfs.20260825/00/rrfs.t00z.2dfld.3km.f004.na.grib2 /scratch3/BMC/acomp/Gonzalo.Ferrada/verif/realtime/model_output/RRFS-SD/2026082500/frame_004_aqm_RRFS-SD_2026082500_dswrf.nc '' ''
+ local match=DSWRF
+ local fin=/scratch3/BMC/acomp/Sudheer/Fire-nest/Retros/RRFS_A/RT/GRIB2/rrfs.20260825/00/rrfs.t00z.2dfld.3km.f004.na.grib2
+ local outfile=/scratch3/BMC/acomp/Gonzalo.Ferrada/verif/realtime/model_output/RRFS-SD/2026082500/frame_004_aqm_RRFS-SD_2026082500_dswrf.nc
+ local rename_from=
+ local rename_to=
+ wgrib2 -nc_nlev 1 -match DSWRF -set center 7 /scratch3/BMC/acomp/Sudheer/Fire-nest/Retros/RRFS_A/RT/GRIB2/rrfs.20260825/00/rrfs.t00z.2dfld.3km.f004.na.grib2 -netcdf /scratch3/BMC/acomp/Gonzalo.Ferrada/verif/realtime/model_output/RRFS-SD/2026082500/frame_004_aqm_RRFS-SD_2026082500_dswrf.nc
netcdf: doesn't support yet grid_template 1
173:967952865:d=2026082500:DSWRF:surface:3-4 hour ave fcst:
180:1016404957:d=2026082500:DSWRF:surface:4 hour fcst:
+ [[ -n '' ]]
+ extract_grib VIS /scratch3/BMC/acomp/Sudheer/Fire-nest/Retros/RRFS_A/RT/GRIB2/rrfs.20260825/00/rrfs.t00z.2dfld.3km.f004.na.grib2 /scratch3/BMC/acomp/Gonzalo.Ferrada/verif/realtime/model_output/RRFS-SD/2026082500/frame_004_aqm_RRFS-SD_2026082500_vis.nc '' ''
+ local match=VIS
+ local fin=/scratch3/BMC/acomp/Sudheer/Fire-nest/Retros/RRFS_A/RT/GRIB2/rrfs.20260825/00/rrfs.t00z.2dfld.3km.f004.na.grib2
+ local outfile=/scratch3/BMC/acomp/Gonzalo.Ferrada/verif/realtime/model_output/RRFS-SD/2026082500/frame_004_aqm_RRFS-SD_2026082500_vis.nc
+ local rename_from=
+ local rename_to=
+ wgrib2 -nc_nlev 1 -match VIS -set center 7 /scratch3/BMC/acomp/Sudheer/Fire-nest/Retros/RRFS_A/RT/GRIB2/rrfs.20260825/00/rrfs.t00z.2dfld.3km.f004.na.grib2 -netcdf /scratch3/BMC/acomp/Gonzalo.Ferrada/verif/realtime/model_output/RRFS-SD/2026082500/frame_004_aqm_RRFS-SD_2026082500_vis.nc
netcdf: doesn't support yet grid_template 1
5:25285200:d=2026082500:VIS:surface:4 hour fcst:
+ [[ -n '' ]]
+ extract_grib 'HGT:cloud ceiling' /scratch3/BMC/acomp/Sudheer/Fire-nest/Retros/RRFS_A/RT/GRIB2/rrfs.20260825/00/rrfs.t00z.2dfld.3km.f004.na.grib2 /scratch3/BMC/acomp/Gonzalo.Ferrada/verif/realtime/model_output/RRFS-SD/2026082500/frame_004_aqm_RRFS-SD_2026082500_ceil.nc '' ''
+ local 'match=HGT:cloud ceiling'
+ local fin=/scratch3/BMC/acomp/Sudheer/Fire-nest/Retros/RRFS_A/RT/GRIB2/rrfs.20260825/00/rrfs.t00z.2dfld.3km.f004.na.grib2
+ local outfile=/scratch3/BMC/acomp/Gonzalo.Ferrada/verif/realtime/model_output/RRFS-SD/2026082500/frame_004_aqm_RRFS-SD_2026082500_ceil.nc
+ local rename_from=
+ local rename_to=
+ wgrib2 -nc_nlev 1 -match 'HGT:cloud ceiling' -set center 7 /scratch3/BMC/acomp/Sudheer/Fire-nest/Retros/RRFS_A/RT/GRIB2/rrfs.20260825/00/rrfs.t00z.2dfld.3km.f004.na.grib2 -netcdf /scratch3/BMC/acomp/Gonzalo.Ferrada/verif/realtime/model_output/RRFS-SD/2026082500/frame_004_aqm_RRFS-SD_2026082500_ceil.nc
netcdf: doesn't support yet grid_template 1
165:862630776:d=2026082500:HGT:cloud ceiling:4 hour fcst:
+ [[ -n '' ]]
+ extract_grib 'Dust dry:aerosol_size <2.5e-06' /scratch3/BMC/acomp/Sudheer/Fire-nest/Retros/RRFS_A/RT/GRIB2/rrfs.20260825/00/rrfs.t00z.2dfld.3km.f004.na.grib2 /scratch3/BMC/acomp/Gonzalo.Ferrada/verif/realtime/model_output/RRFS-SD/2026082500/frame_004_aqm_RRFS-SD_2026082500_dust_fine.nc MASSDEN_8maboveground dust_fine
+ local 'match=Dust dry:aerosol_size <2.5e-06'
+ local fin=/scratch3/BMC/acomp/Sudheer/Fire-nest/Retros/RRFS_A/RT/GRIB2/rrfs.20260825/00/rrfs.t00z.2dfld.3km.f004.na.grib2
+ local outfile=/scratch3/BMC/acomp/Gonzalo.Ferrada/verif/realtime/model_output/RRFS-SD/2026082500/frame_004_aqm_RRFS-SD_2026082500_dust_fine.nc
+ local rename_from=MASSDEN_8maboveground
+ local rename_to=dust_fine
+ wgrib2 -nc_nlev 1 -match 'Dust dry:aerosol_size <2.5e-06' -set center 7 /scratch3/BMC/acomp/Sudheer/Fire-nest/Retros/RRFS_A/RT/GRIB2/rrfs.20260825/00/rrfs.t00z.2dfld.3km.f004.na.grib2 -netcdf /scratch3/BMC/acomp/Gonzalo.Ferrada/verif/realtime/model_output/RRFS-SD/2026082500/frame_004_aqm_RRFS-SD_2026082500_dust_fine.nc
netcdf: doesn't support yet grid_template 1
84:493144106:d=2026082500:MASSDEN:8 m above ground:4 hour fcst:aerosol=Dust dry:aerosol_size <2.5e-06:
149:758963065:d=2026082500:COLMD:entire atmosphere (considered as a single layer):4 hour fcst:aerosol=Dust dry:aerosol_size <2.5e-06:
+ [[ -n MASSDEN_8maboveground ]]
+ ncrename -h -v MASSDEN_8maboveground,dust_fine /scratch3/BMC/acomp/Gonzalo.Ferrada/verif/realtime/model_output/RRFS-SD/2026082500/frame_004_aqm_RRFS-SD_2026082500_dust_fine.nc
+ extract_grib 'Dust dry:aerosol_size >=2.5e-06' /scratch3/BMC/acomp/Sudheer/Fire-nest/Retros/RRFS_A/RT/GRIB2/rrfs.20260825/00/rrfs.t00z.2dfld.3km.f004.na.grib2 /scratch3/BMC/acomp/Gonzalo.Ferrada/verif/realtime/model_output/RRFS-SD/2026082500/frame_004_aqm_RRFS-SD_2026082500_dust_coarse.nc MASSDEN_8maboveground dust_coarse
+ local 'match=Dust dry:aerosol_size >=2.5e-06'
+ local fin=/scratch3/BMC/acomp/Sudheer/Fire-nest/Retros/RRFS_A/RT/GRIB2/rrfs.20260825/00/rrfs.t00z.2dfld.3km.f004.na.grib2
+ local outfile=/scratch3/BMC/acomp/Gonzalo.Ferrada/verif/realtime/model_output/RRFS-SD/2026082500/frame_004_aqm_RRFS-SD_2026082500_dust_coarse.nc
+ local rename_from=MASSDEN_8maboveground
+ local rename_to=dust_coarse
+ wgrib2 -nc_nlev 1 -match 'Dust dry:aerosol_size >=2.5e-06' -set center 7 /scratch3/BMC/acomp/Sudheer/Fire-nest/Retros/RRFS_A/RT/GRIB2/rrfs.20260825/00/rrfs.t00z.2dfld.3km.f004.na.grib2 -netcdf /scratch3/BMC/acomp/Gonzalo.Ferrada/verif/realtime/model_output/RRFS-SD/2026082500/frame_004_aqm_RRFS-SD_2026082500_dust_coarse.nc
netcdf: doesn't support yet grid_template 1
87:502319284:d=2026082500:MASSDEN:8 m above ground:4 hour fcst:aerosol=Dust dry:aerosol_size >=2.5e-06,<1e-05:
150:763141791:d=2026082500:COLMD:entire atmosphere (considered as a single layer):4 hour fcst:aerosol=Dust dry:aerosol_size >=2.5e-06,<1e-05:
+ [[ -n MASSDEN_8maboveground ]]
+ ncrename -h -v MASSDEN_8maboveground,dust_coarse /scratch3/BMC/acomp/Gonzalo.Ferrada/verif/realtime/model_output/RRFS-SD/2026082500/frame_004_aqm_RRFS-SD_2026082500_dust_coarse.nc
+ extract_grib organic /scratch3/BMC/acomp/Sudheer/Fire-nest/Retros/RRFS_A/RT/GRIB2/rrfs.20260825/00/rrfs.t00z.2dfld.3km.f004.na.grib2 /scratch3/BMC/acomp/Gonzalo.Ferrada/verif/realtime/model_output/RRFS-SD/2026082500/frame_004_aqm_RRFS-SD_2026082500_smoke.nc MASSDEN_8maboveground smoke
+ local match=organic
+ local fin=/scratch3/BMC/acomp/Sudheer/Fire-nest/Retros/RRFS_A/RT/GRIB2/rrfs.20260825/00/rrfs.t00z.2dfld.3km.f004.na.grib2
+ local outfile=/scratch3/BMC/acomp/Gonzalo.Ferrada/verif/realtime/model_output/RRFS-SD/2026082500/frame_004_aqm_RRFS-SD_2026082500_smoke.nc
+ local rename_from=MASSDEN_8maboveground
+ local rename_to=smoke
+ wgrib2 -nc_nlev 1 -match organic -set center 7 /scratch3/BMC/acomp/Sudheer/Fire-nest/Retros/RRFS_A/RT/GRIB2/rrfs.20260825/00/rrfs.t00z.2dfld.3km.f004.na.grib2 -netcdf /scratch3/BMC/acomp/Gonzalo.Ferrada/verif/realtime/model_output/RRFS-SD/2026082500/frame_004_aqm_RRFS-SD_2026082500_smoke.nc
netcdf: doesn't support yet grid_template 1
83:489754005:d=2026082500:MASSDEN:8 m above ground:4 hour fcst:aerosol=Particulate organic matter dry:aerosol_size <2.5e-06:
148:754333977:d=2026082500:COLMD:entire atmosphere (considered as a single layer):4 hour fcst:aerosol=Particulate organic matter dry:aerosol_size <2.5e-06:
153:778095482:d=2026082500:AEMFLX:entire atmosphere (considered as a single layer):4 hour fcst:aerosol=Particulate organic matter dry:aerosol_size <2.5e-06:
+ [[ -n MASSDEN_8maboveground ]]
+ ncrename -h -v MASSDEN_8maboveground,smoke /scratch3/BMC/acomp/Gonzalo.Ferrada/verif/realtime/model_output/RRFS-SD/2026082500/frame_004_aqm_RRFS-SD_2026082500_smoke.nc
+ extract_grib ':(UGRD|VGRD):10 m above ground:' /scratch3/BMC/acomp/Sudheer/Fire-nest/Retros/RRFS_A/RT/GRIB2/rrfs.20260825/00/rrfs.t00z.2dfld.3km.f004.na.grib2 /scratch3/BMC/acomp/Gonzalo.Ferrada/verif/realtime/model_output/RRFS-SD/2026082500/frame_004_aqm_RRFS-SD_2026082500_wind.nc '' ''
+ local 'match=:(UGRD|VGRD):10 m above ground:'
+ local fin=/scratch3/BMC/acomp/Sudheer/Fire-nest/Retros/RRFS_A/RT/GRIB2/rrfs.20260825/00/rrfs.t00z.2dfld.3km.f004.na.grib2
+ local outfile=/scratch3/BMC/acomp/Gonzalo.Ferrada/verif/realtime/model_output/RRFS-SD/2026082500/frame_004_aqm_RRFS-SD_2026082500_wind.nc
+ local rename_from=
+ local rename_to=
+ wgrib2 -nc_nlev 1 -match ':(UGRD|VGRD):10 m above ground:' -set center 7 /scratch3/BMC/acomp/Sudheer/Fire-nest/Retros/RRFS_A/RT/GRIB2/rrfs.20260825/00/rrfs.t00z.2dfld.3km.f004.na.grib2 -netcdf /scratch3/BMC/acomp/Gonzalo.Ferrada/verif/realtime/model_output/RRFS-SD/2026082500/frame_004_aqm_RRFS-SD_2026082500_wind.nc
netcdf: doesn't support yet grid_template 1
88:504238472:d=2026082500:UGRD:10 m above ground:4 hour fcst:
89:515765494:d=2026082500:VGRD:10 m above ground:4 hour fcst:
+ [[ -n '' ]]
+ extract_grib ':(DPT|TMP):2 m above ground:' /scratch3/BMC/acomp/Sudheer/Fire-nest/Retros/RRFS_A/RT/GRIB2/rrfs.20260825/00/rrfs.t00z.2dfld.3km.f004.na.grib2 /scratch3/BMC/acomp/Gonzalo.Ferrada/verif/realtime/model_output/RRFS-SD/2026082500/frame_004_aqm_RRFS-SD_2026082500_temp.nc '' ''
+ local 'match=:(DPT|TMP):2 m above ground:'
+ local fin=/scratch3/BMC/acomp/Sudheer/Fire-nest/Retros/RRFS_A/RT/GRIB2/rrfs.20260825/00/rrfs.t00z.2dfld.3km.f004.na.grib2
+ local outfile=/scratch3/BMC/acomp/Gonzalo.Ferrada/verif/realtime/model_output/RRFS-SD/2026082500/frame_004_aqm_RRFS-SD_2026082500_temp.nc
+ local rename_from=
+ local rename_to=
+ wgrib2 -nc_nlev 1 -match ':(DPT|TMP):2 m above ground:' -set center 7 /scratch3/BMC/acomp/Sudheer/Fire-nest/Retros/RRFS_A/RT/GRIB2/rrfs.20260825/00/rrfs.t00z.2dfld.3km.f004.na.grib2 -netcdf /scratch3/BMC/acomp/Gonzalo.Ferrada/verif/realtime/model_output/RRFS-SD/2026082500/frame_004_aqm_RRFS-SD_2026082500_temp.nc
netcdf: doesn't support yet grid_template 1
74:406747826:d=2026082500:TMP:2 m above ground:4 hour fcst:
76:426964520:d=2026082500:DPT:2 m above ground:4 hour fcst:
+ [[ -n '' ]]
+ extract_grib APCP /scratch3/BMC/acomp/Sudheer/Fire-nest/Retros/RRFS_A/RT/GRIB2/rrfs.20260825/00/rrfs.t00z.2dfld.3km.f004.na.grib2 /scratch3/BMC/acomp/Gonzalo.Ferrada/verif/realtime/model_output/RRFS-SD/2026082500/frame_004_aqm_RRFS-SD_2026082500_precip.nc '' ''
+ local match=APCP
+ local fin=/scratch3/BMC/acomp/Sudheer/Fire-nest/Retros/RRFS_A/RT/GRIB2/rrfs.20260825/00/rrfs.t00z.2dfld.3km.f004.na.grib2
+ local outfile=/scratch3/BMC/acomp/Gonzalo.Ferrada/verif/realtime/model_output/RRFS-SD/2026082500/frame_004_aqm_RRFS-SD_2026082500_precip.nc
+ local rename_from=
+ local rename_to=
+ wgrib2 -nc_nlev 1 -match APCP -set center 7 /scratch3/BMC/acomp/Sudheer/Fire-nest/Retros/RRFS_A/RT/GRIB2/rrfs.20260825/00/rrfs.t00z.2dfld.3km.f004.na.grib2 -netcdf /scratch3/BMC/acomp/Gonzalo.Ferrada/verif/realtime/model_output/RRFS-SD/2026082500/frame_004_aqm_RRFS-SD_2026082500_precip.nc
netcdf: doesn't support yet grid_template 1
97:566290421:d=2026082500:APCP:surface:3-4 hour acc fcst:
98:569643830:d=2026082500:APCP:surface:0-4 hour acc fcst:
+ [[ -n '' ]]
+ echo 'Calculations (ncap2)...'
Calculations (ncap2)...
+ ncap2 -O -h -s 'WIND_10maboveground=float(sqrt(UGRD_10maboveground^2 + VGRD_10maboveground^2))' /scratch3/BMC/acomp/Gonzalo.Ferrada/verif/realtime/model_output/RRFS-SD/2026082500/frame_004_aqm_RRFS-SD_2026082500_wind.nc /scratch3/BMC/acomp/Gonzalo.Ferrada/verif/realtime/model_output/RRFS-SD/2026082500/frame_004_aqm_RRFS-SD_2026082500_wind.nc
+ ncap2 -O -h -s 'WDIR_10maboveground=float(180.+(180./3.14159)*atan2(UGRD_10maboveground,VGRD_10maboveground))' /scratch3/BMC/acomp/Gonzalo.Ferrada/verif/realtime/model_output/RRFS-SD/2026082500/frame_004_aqm_RRFS-SD_2026082500_wind.nc /scratch3/BMC/acomp/Gonzalo.Ferrada/verif/realtime/model_output/RRFS-SD/2026082500/frame_004_aqm_RRFS-SD_2026082500_wind.nc
+ ncap2 -O -h -s 'TMP_2maboveground=float(TMP_2maboveground-273.15)' /scratch3/BMC/acomp/Gonzalo.Ferrada/verif/realtime/model_output/RRFS-SD/2026082500/frame_004_aqm_RRFS-SD_2026082500_temp.nc /scratch3/BMC/acomp/Gonzalo.Ferrada/verif/realtime/model_output/RRFS-SD/2026082500/frame_004_aqm_RRFS-SD_2026082500_temp.nc
+ ncap2 -O -h -s 'DPT_2maboveground=float(DPT_2maboveground-273.15)' /scratch3/BMC/acomp/Gonzalo.Ferrada/verif/realtime/model_output/RRFS-SD/2026082500/frame_004_aqm_RRFS-SD_2026082500_temp.nc /scratch3/BMC/acomp/Gonzalo.Ferrada/verif/realtime/model_output/RRFS-SD/2026082500/frame_004_aqm_RRFS-SD_2026082500_temp.nc
+ ncap2 -O -h -s 'dust_fine=float(1.e9*dust_fine)' /scratch3/BMC/acomp/Gonzalo.Ferrada/verif/realtime/model_output/RRFS-SD/2026082500/frame_004_aqm_RRFS-SD_2026082500_dust_fine.nc /scratch3/BMC/acomp/Gonzalo.Ferrada/verif/realtime/model_output/RRFS-SD/2026082500/frame_004_aqm_RRFS-SD_2026082500_dust_fine.nc
+ ncap2 -O -h -s 'dust_coarse=float(1.e9*dust_coarse)' /scratch3/BMC/acomp/Gonzalo.Ferrada/verif/realtime/model_output/RRFS-SD/2026082500/frame_004_aqm_RRFS-SD_2026082500_dust_coarse.nc /scratch3/BMC/acomp/Gonzalo.Ferrada/verif/realtime/model_output/RRFS-SD/2026082500/frame_004_aqm_RRFS-SD_2026082500_dust_coarse.nc
+ ncap2 -O -h -s 'smoke=float(1.e9*smoke)' /scratch3/BMC/acomp/Gonzalo.Ferrada/verif/realtime/model_output/RRFS-SD/2026082500/frame_004_aqm_RRFS-SD_2026082500_smoke.nc /scratch3/BMC/acomp/Gonzalo.Ferrada/verif/realtime/model_output/RRFS-SD/2026082500/frame_004_aqm_RRFS-SD_2026082500_smoke.nc
+ ncap2 -O -h -s 'VIS_surface=float(0.000621371*VIS_surface)' /scratch3/BMC/acomp/Gonzalo.Ferrada/verif/realtime/model_output/RRFS-SD/2026082500/frame_004_aqm_RRFS-SD_2026082500_vis.nc /scratch3/BMC/acomp/Gonzalo.Ferrada/verif/realtime/model_output/RRFS-SD/2026082500/frame_004_aqm_RRFS-SD_2026082500_vis.nc
+ ncap2 -O -h -s 'where(VIS_surface>10.0) VIS_surface=10.0' /scratch3/BMC/acomp/Gonzalo.Ferrada/verif/realtime/model_output/RRFS-SD/2026082500/frame_004_aqm_RRFS-SD_2026082500_vis.nc /scratch3/BMC/acomp/Gonzalo.Ferrada/verif/realtime/model_output/RRFS-SD/2026082500/frame_004_aqm_RRFS-SD_2026082500_vis.nc
+ echo 'Merging to /scratch3/BMC/acomp/Gonzalo.Ferrada/verif/realtime/model_output/RRFS-SD/2026082500/frame_004_aqm_RRFS-SD_2026082500.nc...'
Merging to /scratch3/BMC/acomp/Gonzalo.Ferrada/verif/realtime/model_output/RRFS-SD/2026082500/frame_004_aqm_RRFS-SD_2026082500.nc...
+ ncks -A -h /scratch3/BMC/acomp/Gonzalo.Ferrada/verif/realtime/model_output/RRFS-SD/2026082500/frame_004_aqm_RRFS-SD_2026082500_aod.nc /scratch3/BMC/acomp/Gonzalo.Ferrada/verif/realtime/model_output/RRFS-SD/2026082500/frame_004_aqm_RRFS-SD_2026082500.nc
+ ncks -A -h -v DSWRF_surface /scratch3/BMC/acomp/Gonzalo.Ferrada/verif/realtime/model_output/RRFS-SD/2026082500/frame_004_aqm_RRFS-SD_2026082500_dswrf.nc /scratch3/BMC/acomp/Gonzalo.Ferrada/verif/realtime/model_output/RRFS-SD/2026082500/frame_004_aqm_RRFS-SD_2026082500.nc
+ ncks -A -h -v VIS_surface /scratch3/BMC/acomp/Gonzalo.Ferrada/verif/realtime/model_output/RRFS-SD/2026082500/frame_004_aqm_RRFS-SD_2026082500_vis.nc /scratch3/BMC/acomp/Gonzalo.Ferrada/verif/realtime/model_output/RRFS-SD/2026082500/frame_004_aqm_RRFS-SD_2026082500.nc
+ ncks -A -h -v HGT_cloudceiling /scratch3/BMC/acomp/Gonzalo.Ferrada/verif/realtime/model_output/RRFS-SD/2026082500/frame_004_aqm_RRFS-SD_2026082500_ceil.nc /scratch3/BMC/acomp/Gonzalo.Ferrada/verif/realtime/model_output/RRFS-SD/2026082500/frame_004_aqm_RRFS-SD_2026082500.nc
+ ncks -A -h -v dust_fine /scratch3/BMC/acomp/Gonzalo.Ferrada/verif/realtime/model_output/RRFS-SD/2026082500/frame_004_aqm_RRFS-SD_2026082500_dust_fine.nc /scratch3/BMC/acomp/Gonzalo.Ferrada/verif/realtime/model_output/RRFS-SD/2026082500/frame_004_aqm_RRFS-SD_2026082500.nc
+ ncks -A -h -v dust_coarse /scratch3/BMC/acomp/Gonzalo.Ferrada/verif/realtime/model_output/RRFS-SD/2026082500/frame_004_aqm_RRFS-SD_2026082500_dust_coarse.nc /scratch3/BMC/acomp/Gonzalo.Ferrada/verif/realtime/model_output/RRFS-SD/2026082500/frame_004_aqm_RRFS-SD_2026082500.nc
+ ncks -A -h -v smoke /scratch3/BMC/acomp/Gonzalo.Ferrada/verif/realtime/model_output/RRFS-SD/2026082500/frame_004_aqm_RRFS-SD_2026082500_smoke.nc /scratch3/BMC/acomp/Gonzalo.Ferrada/verif/realtime/model_output/RRFS-SD/2026082500/frame_004_aqm_RRFS-SD_2026082500.nc
+ ncks -A -h -v WIND_10maboveground,WDIR_10maboveground /scratch3/BMC/acomp/Gonzalo.Ferrada/verif/realtime/model_output/RRFS-SD/2026082500/frame_004_aqm_RRFS-SD_2026082500_wind.nc /scratch3/BMC/acomp/Gonzalo.Ferrada/verif/realtime/model_output/RRFS-SD/2026082500/frame_004_aqm_RRFS-SD_2026082500.nc
+ ncks -A -h -v TMP_2maboveground,DPT_2maboveground /scratch3/BMC/acomp/Gonzalo.Ferrada/verif/realtime/model_output/RRFS-SD/2026082500/frame_004_aqm_RRFS-SD_2026082500_temp.nc /scratch3/BMC/acomp/Gonzalo.Ferrada/verif/realtime/model_output/RRFS-SD/2026082500/frame_004_aqm_RRFS-SD_2026082500.nc
+ ncks -A -h -v APCP_surface /scratch3/BMC/acomp/Gonzalo.Ferrada/verif/realtime/model_output/RRFS-SD/2026082500/frame_004_aqm_RRFS-SD_2026082500_precip.nc /scratch3/BMC/acomp/Gonzalo.Ferrada/verif/realtime/model_output/RRFS-SD/2026082500/frame_004_aqm_RRFS-SD_2026082500.nc
+ echo 'Deleting intermediate files...'
Deleting intermediate files...
+ rm -f /scratch3/BMC/acomp/Gonzalo.Ferrada/verif/realtime/model_output/RRFS-SD/2026082500/frame_004_aqm_RRFS-SD_2026082500_aod.nc /scratch3/BMC/acomp/Gonzalo.Ferrada/verif/realtime/model_output/RRFS-SD/2026082500/frame_004_aqm_RRFS-SD_2026082500_ceil.nc /scratch3/BMC/acomp/Gonzalo.Ferrada/verif/realtime/model_output/RRFS-SD/2026082500/frame_004_aqm_RRFS-SD_2026082500_dswrf.nc /scratch3/BMC/acomp/Gonzalo.Ferrada/verif/realtime/model_output/RRFS-SD/2026082500/frame_004_aqm_RRFS-SD_2026082500_dust_coarse.nc /scratch3/BMC/acomp/Gonzalo.Ferrada/verif/realtime/model_output/RRFS-SD/2026082500/frame_004_aqm_RRFS-SD_2026082500_dust_fine.nc /scratch3/BMC/acomp/Gonzalo.Ferrada/verif/realtime/model_output/RRFS-SD/2026082500/frame_004_aqm_RRFS-SD_2026082500_precip.nc /scratch3/BMC/acomp/Gonzalo.Ferrada/verif/realtime/model_output/RRFS-SD/2026082500/frame_004_aqm_RRFS-SD_2026082500_smoke.nc /scratch3/BMC/acomp/Gonzalo.Ferrada/verif/realtime/model_output/RRFS-SD/2026082500/frame_004_aqm_RRFS-SD_2026082500_temp.nc /scratch3/BMC/acomp/Gonzalo.Ferrada/verif/realtime/model_output/RRFS-SD/2026082500/frame_004_aqm_RRFS-SD_2026082500_vis.nc /scratch3/BMC/acomp/Gonzalo.Ferrada/verif/realtime/model_output/RRFS-SD/2026082500/frame_004_aqm_RRFS-SD_2026082500_wind.nc
+ echo 'Final calculations...'
Final calculations...
+ ncap2 -h -O -s 'pm25=float(dust_fine+smoke)' /scratch3/BMC/acomp/Gonzalo.Ferrada/verif/realtime/model_output/RRFS-SD/2026082500/frame_004_aqm_RRFS-SD_2026082500.nc /scratch3/BMC/acomp/Gonzalo.Ferrada/verif/realtime/model_output/RRFS-SD/2026082500/frame_004_aqm_RRFS-SD_2026082500.nc
+ ncap2 -h -O -s 'pm10=float(pm25+dust_coarse)' /scratch3/BMC/acomp/Gonzalo.Ferrada/verif/realtime/model_output/RRFS-SD/2026082500/frame_004_aqm_RRFS-SD_2026082500.nc /scratch3/BMC/acomp/Gonzalo.Ferrada/verif/realtime/model_output/RRFS-SD/2026082500/frame_004_aqm_RRFS-SD_2026082500.nc
+ ncap2 -h -O -s lat=latitude -s lon=longitude /scratch3/BMC/acomp/Gonzalo.Ferrada/verif/realtime/model_output/RRFS-SD/2026082500/frame_004_aqm_RRFS-SD_2026082500.nc /scratch3/BMC/acomp/Gonzalo.Ferrada/verif/realtime/model_output/RRFS-SD/2026082500/frame_004_aqm_RRFS-SD_2026082500.nc
+ ncks -h -O -x -v hlevel /scratch3/BMC/acomp/Gonzalo.Ferrada/verif/realtime/model_output/RRFS-SD/2026082500/frame_004_aqm_RRFS-SD_2026082500.nc /scratch3/BMC/acomp/Gonzalo.Ferrada/verif/realtime/model_output/RRFS-SD/2026082500/frame_004_aqm_RRFS-SD_2026082500.nc
+ echo Compressing...
Compressing...
+ ncks -O -4 -L 3 /scratch3/BMC/acomp/Gonzalo.Ferrada/verif/realtime/model_output/RRFS-SD/2026082500/frame_004_aqm_RRFS-SD_2026082500.nc /scratch3/BMC/acomp/Gonzalo.Ferrada/verif/realtime/model_output/RRFS-SD/2026082500/frame_004_aqm_RRFS-SD_2026082500.nc
+ isfile /scratch3/BMC/acomp/Gonzalo.Ferrada/verif/realtime/model_output/RRFS-SD/2026082500/frame_004_aqm_RRFS-SD_2026082500.nc
+ local file=/scratch3/BMC/acomp/Gonzalo.Ferrada/verif/realtime/model_output/RRFS-SD/2026082500/frame_004_aqm_RRFS-SD_2026082500.nc
+ [[ ! -s /scratch3/BMC/acomp/Gonzalo.Ferrada/verif/realtime/model_output/RRFS-SD/2026082500/frame_004_aqm_RRFS-SD_2026082500.nc ]]
+ echo '/scratch3/BMC/acomp/Gonzalo.Ferrada/verif/realtime/model_output/RRFS-SD/2026082500/frame_004_aqm_RRFS-SD_2026082500.nc created!'
/scratch3/BMC/acomp/Gonzalo.Ferrada/verif/realtime/model_output/RRFS-SD/2026082500/frame_004_aqm_RRFS-SD_2026082500.nc created!
+ (( hh+=MODEL_DT  ))
+ (( hh<=LEAD_HH_END ))
+ printf -v HHH %03d 5
+ fin=/scratch3/BMC/acomp/Sudheer/Fire-nest/Retros/RRFS_A/RT/GRIB2/rrfs.20260825/00/rrfs.t00z.2dfld.3km.f005.na.grib2
+ fout=/scratch3/BMC/acomp/Gonzalo.Ferrada/verif/realtime/model_output/RRFS-SD/2026082500/frame_005_aqm_RRFS-SD_2026082500.nc
+ isfile /scratch3/BMC/acomp/Sudheer/Fire-nest/Retros/RRFS_A/RT/GRIB2/rrfs.20260825/00/rrfs.t00z.2dfld.3km.f005.na.grib2
+ local file=/scratch3/BMC/acomp/Sudheer/Fire-nest/Retros/RRFS_A/RT/GRIB2/rrfs.20260825/00/rrfs.t00z.2dfld.3km.f005.na.grib2
+ [[ ! -s /scratch3/BMC/acomp/Sudheer/Fire-nest/Retros/RRFS_A/RT/GRIB2/rrfs.20260825/00/rrfs.t00z.2dfld.3km.f005.na.grib2 ]]
+ echo ==============================================================================
==============================================================================
+ echo 'Working on /scratch3/BMC/acomp/Gonzalo.Ferrada/verif/realtime/model_output/RRFS-SD/2026082500/frame_005_aqm_RRFS-SD_2026082500.nc'
Working on /scratch3/BMC/acomp/Gonzalo.Ferrada/verif/realtime/model_output/RRFS-SD/2026082500/frame_005_aqm_RRFS-SD_2026082500.nc
+ echo 'Extracting GRIB2 variables...'
Extracting GRIB2 variables...
+ extract_grib AOTK /scratch3/BMC/acomp/Sudheer/Fire-nest/Retros/RRFS_A/RT/GRIB2/rrfs.20260825/00/rrfs.t00z.2dfld.3km.f005.na.grib2 /scratch3/BMC/acomp/Gonzalo.Ferrada/verif/realtime/model_output/RRFS-SD/2026082500/frame_005_aqm_RRFS-SD_2026082500_aod.nc AOTK_entireatmosphere_consideredasasinglelayer_ AOD550
+ local match=AOTK
+ local fin=/scratch3/BMC/acomp/Sudheer/Fire-nest/Retros/RRFS_A/RT/GRIB2/rrfs.20260825/00/rrfs.t00z.2dfld.3km.f005.na.grib2
+ local outfile=/scratch3/BMC/acomp/Gonzalo.Ferrada/verif/realtime/model_output/RRFS-SD/2026082500/frame_005_aqm_RRFS-SD_2026082500_aod.nc
+ local rename_from=AOTK_entireatmosphere_consideredasasinglelayer_
+ local rename_to=AOD550
+ wgrib2 -nc_nlev 1 -match AOTK -set center 7 /scratch3/BMC/acomp/Sudheer/Fire-nest/Retros/RRFS_A/RT/GRIB2/rrfs.20260825/00/rrfs.t00z.2dfld.3km.f005.na.grib2 -netcdf /scratch3/BMC/acomp/Gonzalo.Ferrada/verif/realtime/model_output/RRFS-SD/2026082500/frame_005_aqm_RRFS-SD_2026082500_aod.nc
netcdf: doesn't support yet grid_template 1
147:750620720:d=2026082500:AOTK:entire atmosphere (considered as a single layer):5 hour fcst:
+ [[ -n AOTK_entireatmosphere_consideredasasinglelayer_ ]]
+ ncrename -h -v AOTK_entireatmosphere_consideredasasinglelayer_,AOD550 /scratch3/BMC/acomp/Gonzalo.Ferrada/verif/realtime/model_output/RRFS-SD/2026082500/frame_005_aqm_RRFS-SD_2026082500_aod.nc
+ extract_grib DSWRF /scratch3/BMC/acomp/Sudheer/Fire-nest/Retros/RRFS_A/RT/GRIB2/rrfs.20260825/00/rrfs.t00z.2dfld.3km.f005.na.grib2 /scratch3/BMC/acomp/Gonzalo.Ferrada/verif/realtime/model_output/RRFS-SD/2026082500/frame_005_aqm_RRFS-SD_2026082500_dswrf.nc '' ''
+ local match=DSWRF
+ local fin=/scratch3/BMC/acomp/Sudheer/Fire-nest/Retros/RRFS_A/RT/GRIB2/rrfs.20260825/00/rrfs.t00z.2dfld.3km.f005.na.grib2
+ local outfile=/scratch3/BMC/acomp/Gonzalo.Ferrada/verif/realtime/model_output/RRFS-SD/2026082500/frame_005_aqm_RRFS-SD_2026082500_dswrf.nc
+ local rename_from=
+ local rename_to=
+ wgrib2 -nc_nlev 1 -match DSWRF -set center 7 /scratch3/BMC/acomp/Sudheer/Fire-nest/Retros/RRFS_A/RT/GRIB2/rrfs.20260825/00/rrfs.t00z.2dfld.3km.f005.na.grib2 -netcdf /scratch3/BMC/acomp/Gonzalo.Ferrada/verif/realtime/model_output/RRFS-SD/2026082500/frame_005_aqm_RRFS-SD_2026082500_dswrf.nc
netcdf: doesn't support yet grid_template 1
173:978823526:d=2026082500:DSWRF:surface:4-5 hour ave fcst:
180:1024995399:d=2026082500:DSWRF:surface:5 hour fcst:
+ [[ -n '' ]]
+ extract_grib VIS /scratch3/BMC/acomp/Sudheer/Fire-nest/Retros/RRFS_A/RT/GRIB2/rrfs.20260825/00/rrfs.t00z.2dfld.3km.f005.na.grib2 /scratch3/BMC/acomp/Gonzalo.Ferrada/verif/realtime/model_output/RRFS-SD/2026082500/frame_005_aqm_RRFS-SD_2026082500_vis.nc '' ''
+ local match=VIS
+ local fin=/scratch3/BMC/acomp/Sudheer/Fire-nest/Retros/RRFS_A/RT/GRIB2/rrfs.20260825/00/rrfs.t00z.2dfld.3km.f005.na.grib2
+ local outfile=/scratch3/BMC/acomp/Gonzalo.Ferrada/verif/realtime/model_output/RRFS-SD/2026082500/frame_005_aqm_RRFS-SD_2026082500_vis.nc
+ local rename_from=
+ local rename_to=
+ wgrib2 -nc_nlev 1 -match VIS -set center 7 /scratch3/BMC/acomp/Sudheer/Fire-nest/Retros/RRFS_A/RT/GRIB2/rrfs.20260825/00/rrfs.t00z.2dfld.3km.f005.na.grib2 -netcdf /scratch3/BMC/acomp/Gonzalo.Ferrada/verif/realtime/model_output/RRFS-SD/2026082500/frame_005_aqm_RRFS-SD_2026082500_vis.nc
netcdf: doesn't support yet grid_template 1
5:25663569:d=2026082500:VIS:surface:5 hour fcst:
+ [[ -n '' ]]
+ extract_grib 'HGT:cloud ceiling' /scratch3/BMC/acomp/Sudheer/Fire-nest/Retros/RRFS_A/RT/GRIB2/rrfs.20260825/00/rrfs.t00z.2dfld.3km.f005.na.grib2 /scratch3/BMC/acomp/Gonzalo.Ferrada/verif/realtime/model_output/RRFS-SD/2026082500/frame_005_aqm_RRFS-SD_2026082500_ceil.nc '' ''
+ local 'match=HGT:cloud ceiling'
+ local fin=/scratch3/BMC/acomp/Sudheer/Fire-nest/Retros/RRFS_A/RT/GRIB2/rrfs.20260825/00/rrfs.t00z.2dfld.3km.f005.na.grib2
+ local outfile=/scratch3/BMC/acomp/Gonzalo.Ferrada/verif/realtime/model_output/RRFS-SD/2026082500/frame_005_aqm_RRFS-SD_2026082500_ceil.nc
+ local rename_from=
+ local rename_to=
+ wgrib2 -nc_nlev 1 -match 'HGT:cloud ceiling' -set center 7 /scratch3/BMC/acomp/Sudheer/Fire-nest/Retros/RRFS_A/RT/GRIB2/rrfs.20260825/00/rrfs.t00z.2dfld.3km.f005.na.grib2 -netcdf /scratch3/BMC/acomp/Gonzalo.Ferrada/verif/realtime/model_output/RRFS-SD/2026082500/frame_005_aqm_RRFS-SD_2026082500_ceil.nc
netcdf: doesn't support yet grid_template 1
165:873396717:d=2026082500:HGT:cloud ceiling:5 hour fcst:
+ [[ -n '' ]]
+ extract_grib 'Dust dry:aerosol_size <2.5e-06' /scratch3/BMC/acomp/Sudheer/Fire-nest/Retros/RRFS_A/RT/GRIB2/rrfs.20260825/00/rrfs.t00z.2dfld.3km.f005.na.grib2 /scratch3/BMC/acomp/Gonzalo.Ferrada/verif/realtime/model_output/RRFS-SD/2026082500/frame_005_aqm_RRFS-SD_2026082500_dust_fine.nc MASSDEN_8maboveground dust_fine
+ local 'match=Dust dry:aerosol_size <2.5e-06'
+ local fin=/scratch3/BMC/acomp/Sudheer/Fire-nest/Retros/RRFS_A/RT/GRIB2/rrfs.20260825/00/rrfs.t00z.2dfld.3km.f005.na.grib2
+ local outfile=/scratch3/BMC/acomp/Gonzalo.Ferrada/verif/realtime/model_output/RRFS-SD/2026082500/frame_005_aqm_RRFS-SD_2026082500_dust_fine.nc
+ local rename_from=MASSDEN_8maboveground
+ local rename_to=dust_fine
+ wgrib2 -nc_nlev 1 -match 'Dust dry:aerosol_size <2.5e-06' -set center 7 /scratch3/BMC/acomp/Sudheer/Fire-nest/Retros/RRFS_A/RT/GRIB2/rrfs.20260825/00/rrfs.t00z.2dfld.3km.f005.na.grib2 -netcdf /scratch3/BMC/acomp/Gonzalo.Ferrada/verif/realtime/model_output/RRFS-SD/2026082500/frame_005_aqm_RRFS-SD_2026082500_dust_fine.nc
netcdf: doesn't support yet grid_template 1
84:501129116:d=2026082500:MASSDEN:8 m above ground:5 hour fcst:aerosol=Dust dry:aerosol_size <2.5e-06:
149:769277373:d=2026082500:COLMD:entire atmosphere (considered as a single layer):5 hour fcst:aerosol=Dust dry:aerosol_size <2.5e-06:
+ [[ -n MASSDEN_8maboveground ]]
+ ncrename -h -v MASSDEN_8maboveground,dust_fine /scratch3/BMC/acomp/Gonzalo.Ferrada/verif/realtime/model_output/RRFS-SD/2026082500/frame_005_aqm_RRFS-SD_2026082500_dust_fine.nc
+ extract_grib 'Dust dry:aerosol_size >=2.5e-06' /scratch3/BMC/acomp/Sudheer/Fire-nest/Retros/RRFS_A/RT/GRIB2/rrfs.20260825/00/rrfs.t00z.2dfld.3km.f005.na.grib2 /scratch3/BMC/acomp/Gonzalo.Ferrada/verif/realtime/model_output/RRFS-SD/2026082500/frame_005_aqm_RRFS-SD_2026082500_dust_coarse.nc MASSDEN_8maboveground dust_coarse
+ local 'match=Dust dry:aerosol_size >=2.5e-06'
+ local fin=/scratch3/BMC/acomp/Sudheer/Fire-nest/Retros/RRFS_A/RT/GRIB2/rrfs.20260825/00/rrfs.t00z.2dfld.3km.f005.na.grib2
+ local outfile=/scratch3/BMC/acomp/Gonzalo.Ferrada/verif/realtime/model_output/RRFS-SD/2026082500/frame_005_aqm_RRFS-SD_2026082500_dust_coarse.nc
+ local rename_from=MASSDEN_8maboveground
+ local rename_to=dust_coarse
+ wgrib2 -nc_nlev 1 -match 'Dust dry:aerosol_size >=2.5e-06' -set center 7 /scratch3/BMC/acomp/Sudheer/Fire-nest/Retros/RRFS_A/RT/GRIB2/rrfs.20260825/00/rrfs.t00z.2dfld.3km.f005.na.grib2 -netcdf /scratch3/BMC/acomp/Gonzalo.Ferrada/verif/realtime/model_output/RRFS-SD/2026082500/frame_005_aqm_RRFS-SD_2026082500_dust_coarse.nc
netcdf: doesn't support yet grid_template 1
87:510345603:d=2026082500:MASSDEN:8 m above ground:5 hour fcst:aerosol=Dust dry:aerosol_size >=2.5e-06,<1e-05:
150:773504509:d=2026082500:COLMD:entire atmosphere (considered as a single layer):5 hour fcst:aerosol=Dust dry:aerosol_size >=2.5e-06,<1e-05:
+ [[ -n MASSDEN_8maboveground ]]
+ ncrename -h -v MASSDEN_8maboveground,dust_coarse /scratch3/BMC/acomp/Gonzalo.Ferrada/verif/realtime/model_output/RRFS-SD/2026082500/frame_005_aqm_RRFS-SD_2026082500_dust_coarse.nc
+ extract_grib organic /scratch3/BMC/acomp/Sudheer/Fire-nest/Retros/RRFS_A/RT/GRIB2/rrfs.20260825/00/rrfs.t00z.2dfld.3km.f005.na.grib2 /scratch3/BMC/acomp/Gonzalo.Ferrada/verif/realtime/model_output/RRFS-SD/2026082500/frame_005_aqm_RRFS-SD_2026082500_smoke.nc MASSDEN_8maboveground smoke
+ local match=organic
+ local fin=/scratch3/BMC/acomp/Sudheer/Fire-nest/Retros/RRFS_A/RT/GRIB2/rrfs.20260825/00/rrfs.t00z.2dfld.3km.f005.na.grib2
+ local outfile=/scratch3/BMC/acomp/Gonzalo.Ferrada/verif/realtime/model_output/RRFS-SD/2026082500/frame_005_aqm_RRFS-SD_2026082500_smoke.nc
+ local rename_from=MASSDEN_8maboveground
+ local rename_to=smoke
+ wgrib2 -nc_nlev 1 -match organic -set center 7 /scratch3/BMC/acomp/Sudheer/Fire-nest/Retros/RRFS_A/RT/GRIB2/rrfs.20260825/00/rrfs.t00z.2dfld.3km.f005.na.grib2 -netcdf /scratch3/BMC/acomp/Gonzalo.Ferrada/verif/realtime/model_output/RRFS-SD/2026082500/frame_005_aqm_RRFS-SD_2026082500_smoke.nc
netcdf: doesn't support yet grid_template 1
83:497730890:d=2026082500:MASSDEN:8 m above ground:5 hour fcst:aerosol=Particulate organic matter dry:aerosol_size <2.5e-06:
148:764693037:d=2026082500:COLMD:entire atmosphere (considered as a single layer):5 hour fcst:aerosol=Particulate organic matter dry:aerosol_size <2.5e-06:
153:788468008:d=2026082500:AEMFLX:entire atmosphere (considered as a single layer):5 hour fcst:aerosol=Particulate organic matter dry:aerosol_size <2.5e-06:
+ [[ -n MASSDEN_8maboveground ]]
+ ncrename -h -v MASSDEN_8maboveground,smoke /scratch3/BMC/acomp/Gonzalo.Ferrada/verif/realtime/model_output/RRFS-SD/2026082500/frame_005_aqm_RRFS-SD_2026082500_smoke.nc
+ extract_grib ':(UGRD|VGRD):10 m above ground:' /scratch3/BMC/acomp/Sudheer/Fire-nest/Retros/RRFS_A/RT/GRIB2/rrfs.20260825/00/rrfs.t00z.2dfld.3km.f005.na.grib2 /scratch3/BMC/acomp/Gonzalo.Ferrada/verif/realtime/model_output/RRFS-SD/2026082500/frame_005_aqm_RRFS-SD_2026082500_wind.nc '' ''
+ local 'match=:(UGRD|VGRD):10 m above ground:'
+ local fin=/scratch3/BMC/acomp/Sudheer/Fire-nest/Retros/RRFS_A/RT/GRIB2/rrfs.20260825/00/rrfs.t00z.2dfld.3km.f005.na.grib2
+ local outfile=/scratch3/BMC/acomp/Gonzalo.Ferrada/verif/realtime/model_output/RRFS-SD/2026082500/frame_005_aqm_RRFS-SD_2026082500_wind.nc
+ local rename_from=
+ local rename_to=
+ wgrib2 -nc_nlev 1 -match ':(UGRD|VGRD):10 m above ground:' -set center 7 /scratch3/BMC/acomp/Sudheer/Fire-nest/Retros/RRFS_A/RT/GRIB2/rrfs.20260825/00/rrfs.t00z.2dfld.3km.f005.na.grib2 -netcdf /scratch3/BMC/acomp/Gonzalo.Ferrada/verif/realtime/model_output/RRFS-SD/2026082500/frame_005_aqm_RRFS-SD_2026082500_wind.nc
netcdf: doesn't support yet grid_template 1
88:512268273:d=2026082500:UGRD:10 m above ground:5 hour fcst:
89:523861644:d=2026082500:VGRD:10 m above ground:5 hour fcst:
+ [[ -n '' ]]
+ extract_grib ':(DPT|TMP):2 m above ground:' /scratch3/BMC/acomp/Sudheer/Fire-nest/Retros/RRFS_A/RT/GRIB2/rrfs.20260825/00/rrfs.t00z.2dfld.3km.f005.na.grib2 /scratch3/BMC/acomp/Gonzalo.Ferrada/verif/realtime/model_output/RRFS-SD/2026082500/frame_005_aqm_RRFS-SD_2026082500_temp.nc '' ''
+ local 'match=:(DPT|TMP):2 m above ground:'
+ local fin=/scratch3/BMC/acomp/Sudheer/Fire-nest/Retros/RRFS_A/RT/GRIB2/rrfs.20260825/00/rrfs.t00z.2dfld.3km.f005.na.grib2
+ local outfile=/scratch3/BMC/acomp/Gonzalo.Ferrada/verif/realtime/model_output/RRFS-SD/2026082500/frame_005_aqm_RRFS-SD_2026082500_temp.nc
+ local rename_from=
+ local rename_to=
+ wgrib2 -nc_nlev 1 -match ':(DPT|TMP):2 m above ground:' -set center 7 /scratch3/BMC/acomp/Sudheer/Fire-nest/Retros/RRFS_A/RT/GRIB2/rrfs.20260825/00/rrfs.t00z.2dfld.3km.f005.na.grib2 -netcdf /scratch3/BMC/acomp/Gonzalo.Ferrada/verif/realtime/model_output/RRFS-SD/2026082500/frame_005_aqm_RRFS-SD_2026082500_temp.nc
netcdf: doesn't support yet grid_template 1
74:414715091:d=2026082500:TMP:2 m above ground:5 hour fcst:
76:434945369:d=2026082500:DPT:2 m above ground:5 hour fcst:
+ [[ -n '' ]]
+ extract_grib APCP /scratch3/BMC/acomp/Sudheer/Fire-nest/Retros/RRFS_A/RT/GRIB2/rrfs.20260825/00/rrfs.t00z.2dfld.3km.f005.na.grib2 /scratch3/BMC/acomp/Gonzalo.Ferrada/verif/realtime/model_output/RRFS-SD/2026082500/frame_005_aqm_RRFS-SD_2026082500_precip.nc '' ''
+ local match=APCP
+ local fin=/scratch3/BMC/acomp/Sudheer/Fire-nest/Retros/RRFS_A/RT/GRIB2/rrfs.20260825/00/rrfs.t00z.2dfld.3km.f005.na.grib2
+ local outfile=/scratch3/BMC/acomp/Gonzalo.Ferrada/verif/realtime/model_output/RRFS-SD/2026082500/frame_005_aqm_RRFS-SD_2026082500_precip.nc
+ local rename_from=
+ local rename_to=
+ wgrib2 -nc_nlev 1 -match APCP -set center 7 /scratch3/BMC/acomp/Sudheer/Fire-nest/Retros/RRFS_A/RT/GRIB2/rrfs.20260825/00/rrfs.t00z.2dfld.3km.f005.na.grib2 -netcdf /scratch3/BMC/acomp/Gonzalo.Ferrada/verif/realtime/model_output/RRFS-SD/2026082500/frame_005_aqm_RRFS-SD_2026082500_precip.nc
netcdf: doesn't support yet grid_template 1
97:574726127:d=2026082500:APCP:surface:4-5 hour acc fcst:
98:578096451:d=2026082500:APCP:surface:0-5 hour acc fcst:
+ [[ -n '' ]]
+ echo 'Calculations (ncap2)...'
Calculations (ncap2)...
+ ncap2 -O -h -s 'WIND_10maboveground=float(sqrt(UGRD_10maboveground^2 + VGRD_10maboveground^2))' /scratch3/BMC/acomp/Gonzalo.Ferrada/verif/realtime/model_output/RRFS-SD/2026082500/frame_005_aqm_RRFS-SD_2026082500_wind.nc /scratch3/BMC/acomp/Gonzalo.Ferrada/verif/realtime/model_output/RRFS-SD/2026082500/frame_005_aqm_RRFS-SD_2026082500_wind.nc
+ ncap2 -O -h -s 'WDIR_10maboveground=float(180.+(180./3.14159)*atan2(UGRD_10maboveground,VGRD_10maboveground))' /scratch3/BMC/acomp/Gonzalo.Ferrada/verif/realtime/model_output/RRFS-SD/2026082500/frame_005_aqm_RRFS-SD_2026082500_wind.nc /scratch3/BMC/acomp/Gonzalo.Ferrada/verif/realtime/model_output/RRFS-SD/2026082500/frame_005_aqm_RRFS-SD_2026082500_wind.nc
+ ncap2 -O -h -s 'TMP_2maboveground=float(TMP_2maboveground-273.15)' /scratch3/BMC/acomp/Gonzalo.Ferrada/verif/realtime/model_output/RRFS-SD/2026082500/frame_005_aqm_RRFS-SD_2026082500_temp.nc /scratch3/BMC/acomp/Gonzalo.Ferrada/verif/realtime/model_output/RRFS-SD/2026082500/frame_005_aqm_RRFS-SD_2026082500_temp.nc
+ ncap2 -O -h -s 'DPT_2maboveground=float(DPT_2maboveground-273.15)' /scratch3/BMC/acomp/Gonzalo.Ferrada/verif/realtime/model_output/RRFS-SD/2026082500/frame_005_aqm_RRFS-SD_2026082500_temp.nc /scratch3/BMC/acomp/Gonzalo.Ferrada/verif/realtime/model_output/RRFS-SD/2026082500/frame_005_aqm_RRFS-SD_2026082500_temp.nc
+ ncap2 -O -h -s 'dust_fine=float(1.e9*dust_fine)' /scratch3/BMC/acomp/Gonzalo.Ferrada/verif/realtime/model_output/RRFS-SD/2026082500/frame_005_aqm_RRFS-SD_2026082500_dust_fine.nc /scratch3/BMC/acomp/Gonzalo.Ferrada/verif/realtime/model_output/RRFS-SD/2026082500/frame_005_aqm_RRFS-SD_2026082500_dust_fine.nc
+ ncap2 -O -h -s 'dust_coarse=float(1.e9*dust_coarse)' /scratch3/BMC/acomp/Gonzalo.Ferrada/verif/realtime/model_output/RRFS-SD/2026082500/frame_005_aqm_RRFS-SD_2026082500_dust_coarse.nc /scratch3/BMC/acomp/Gonzalo.Ferrada/verif/realtime/model_output/RRFS-SD/2026082500/frame_005_aqm_RRFS-SD_2026082500_dust_coarse.nc
+ ncap2 -O -h -s 'smoke=float(1.e9*smoke)' /scratch3/BMC/acomp/Gonzalo.Ferrada/verif/realtime/model_output/RRFS-SD/2026082500/frame_005_aqm_RRFS-SD_2026082500_smoke.nc /scratch3/BMC/acomp/Gonzalo.Ferrada/verif/realtime/model_output/RRFS-SD/2026082500/frame_005_aqm_RRFS-SD_2026082500_smoke.nc
+ ncap2 -O -h -s 'VIS_surface=float(0.000621371*VIS_surface)' /scratch3/BMC/acomp/Gonzalo.Ferrada/verif/realtime/model_output/RRFS-SD/2026082500/frame_005_aqm_RRFS-SD_2026082500_vis.nc /scratch3/BMC/acomp/Gonzalo.Ferrada/verif/realtime/model_output/RRFS-SD/2026082500/frame_005_aqm_RRFS-SD_2026082500_vis.nc
+ ncap2 -O -h -s 'where(VIS_surface>10.0) VIS_surface=10.0' /scratch3/BMC/acomp/Gonzalo.Ferrada/verif/realtime/model_output/RRFS-SD/2026082500/frame_005_aqm_RRFS-SD_2026082500_vis.nc /scratch3/BMC/acomp/Gonzalo.Ferrada/verif/realtime/model_output/RRFS-SD/2026082500/frame_005_aqm_RRFS-SD_2026082500_vis.nc
+ echo 'Merging to /scratch3/BMC/acomp/Gonzalo.Ferrada/verif/realtime/model_output/RRFS-SD/2026082500/frame_005_aqm_RRFS-SD_2026082500.nc...'
Merging to /scratch3/BMC/acomp/Gonzalo.Ferrada/verif/realtime/model_output/RRFS-SD/2026082500/frame_005_aqm_RRFS-SD_2026082500.nc...
+ ncks -A -h /scratch3/BMC/acomp/Gonzalo.Ferrada/verif/realtime/model_output/RRFS-SD/2026082500/frame_005_aqm_RRFS-SD_2026082500_aod.nc /scratch3/BMC/acomp/Gonzalo.Ferrada/verif/realtime/model_output/RRFS-SD/2026082500/frame_005_aqm_RRFS-SD_2026082500.nc
+ ncks -A -h -v DSWRF_surface /scratch3/BMC/acomp/Gonzalo.Ferrada/verif/realtime/model_output/RRFS-SD/2026082500/frame_005_aqm_RRFS-SD_2026082500_dswrf.nc /scratch3/BMC/acomp/Gonzalo.Ferrada/verif/realtime/model_output/RRFS-SD/2026082500/frame_005_aqm_RRFS-SD_2026082500.nc
+ ncks -A -h -v VIS_surface /scratch3/BMC/acomp/Gonzalo.Ferrada/verif/realtime/model_output/RRFS-SD/2026082500/frame_005_aqm_RRFS-SD_2026082500_vis.nc /scratch3/BMC/acomp/Gonzalo.Ferrada/verif/realtime/model_output/RRFS-SD/2026082500/frame_005_aqm_RRFS-SD_2026082500.nc
+ ncks -A -h -v HGT_cloudceiling /scratch3/BMC/acomp/Gonzalo.Ferrada/verif/realtime/model_output/RRFS-SD/2026082500/frame_005_aqm_RRFS-SD_2026082500_ceil.nc /scratch3/BMC/acomp/Gonzalo.Ferrada/verif/realtime/model_output/RRFS-SD/2026082500/frame_005_aqm_RRFS-SD_2026082500.nc
+ ncks -A -h -v dust_fine /scratch3/BMC/acomp/Gonzalo.Ferrada/verif/realtime/model_output/RRFS-SD/2026082500/frame_005_aqm_RRFS-SD_2026082500_dust_fine.nc /scratch3/BMC/acomp/Gonzalo.Ferrada/verif/realtime/model_output/RRFS-SD/2026082500/frame_005_aqm_RRFS-SD_2026082500.nc
+ ncks -A -h -v dust_coarse /scratch3/BMC/acomp/Gonzalo.Ferrada/verif/realtime/model_output/RRFS-SD/2026082500/frame_005_aqm_RRFS-SD_2026082500_dust_coarse.nc /scratch3/BMC/acomp/Gonzalo.Ferrada/verif/realtime/model_output/RRFS-SD/2026082500/frame_005_aqm_RRFS-SD_2026082500.nc
+ ncks -A -h -v smoke /scratch3/BMC/acomp/Gonzalo.Ferrada/verif/realtime/model_output/RRFS-SD/2026082500/frame_005_aqm_RRFS-SD_2026082500_smoke.nc /scratch3/BMC/acomp/Gonzalo.Ferrada/verif/realtime/model_output/RRFS-SD/2026082500/frame_005_aqm_RRFS-SD_2026082500.nc
+ ncks -A -h -v WIND_10maboveground,WDIR_10maboveground /scratch3/BMC/acomp/Gonzalo.Ferrada/verif/realtime/model_output/RRFS-SD/2026082500/frame_005_aqm_RRFS-SD_2026082500_wind.nc /scratch3/BMC/acomp/Gonzalo.Ferrada/verif/realtime/model_output/RRFS-SD/2026082500/frame_005_aqm_RRFS-SD_2026082500.nc
+ ncks -A -h -v TMP_2maboveground,DPT_2maboveground /scratch3/BMC/acomp/Gonzalo.Ferrada/verif/realtime/model_output/RRFS-SD/2026082500/frame_005_aqm_RRFS-SD_2026082500_temp.nc /scratch3/BMC/acomp/Gonzalo.Ferrada/verif/realtime/model_output/RRFS-SD/2026082500/frame_005_aqm_RRFS-SD_2026082500.nc
+ ncks -A -h -v APCP_surface /scratch3/BMC/acomp/Gonzalo.Ferrada/verif/realtime/model_output/RRFS-SD/2026082500/frame_005_aqm_RRFS-SD_2026082500_precip.nc /scratch3/BMC/acomp/Gonzalo.Ferrada/verif/realtime/model_output/RRFS-SD/2026082500/frame_005_aqm_RRFS-SD_2026082500.nc
+ echo 'Deleting intermediate files...'
Deleting intermediate files...
+ rm -f /scratch3/BMC/acomp/Gonzalo.Ferrada/verif/realtime/model_output/RRFS-SD/2026082500/frame_005_aqm_RRFS-SD_2026082500_aod.nc /scratch3/BMC/acomp/Gonzalo.Ferrada/verif/realtime/model_output/RRFS-SD/2026082500/frame_005_aqm_RRFS-SD_2026082500_ceil.nc /scratch3/BMC/acomp/Gonzalo.Ferrada/verif/realtime/model_output/RRFS-SD/2026082500/frame_005_aqm_RRFS-SD_2026082500_dswrf.nc /scratch3/BMC/acomp/Gonzalo.Ferrada/verif/realtime/model_output/RRFS-SD/2026082500/frame_005_aqm_RRFS-SD_2026082500_dust_coarse.nc /scratch3/BMC/acomp/Gonzalo.Ferrada/verif/realtime/model_output/RRFS-SD/2026082500/frame_005_aqm_RRFS-SD_2026082500_dust_fine.nc /scratch3/BMC/acomp/Gonzalo.Ferrada/verif/realtime/model_output/RRFS-SD/2026082500/frame_005_aqm_RRFS-SD_2026082500_precip.nc /scratch3/BMC/acomp/Gonzalo.Ferrada/verif/realtime/model_output/RRFS-SD/2026082500/frame_005_aqm_RRFS-SD_2026082500_smoke.nc /scratch3/BMC/acomp/Gonzalo.Ferrada/verif/realtime/model_output/RRFS-SD/2026082500/frame_005_aqm_RRFS-SD_2026082500_temp.nc /scratch3/BMC/acomp/Gonzalo.Ferrada/verif/realtime/model_output/RRFS-SD/2026082500/frame_005_aqm_RRFS-SD_2026082500_vis.nc /scratch3/BMC/acomp/Gonzalo.Ferrada/verif/realtime/model_output/RRFS-SD/2026082500/frame_005_aqm_RRFS-SD_2026082500_wind.nc
+ echo 'Final calculations...'
Final calculations...
+ ncap2 -h -O -s 'pm25=float(dust_fine+smoke)' /scratch3/BMC/acomp/Gonzalo.Ferrada/verif/realtime/model_output/RRFS-SD/2026082500/frame_005_aqm_RRFS-SD_2026082500.nc /scratch3/BMC/acomp/Gonzalo.Ferrada/verif/realtime/model_output/RRFS-SD/2026082500/frame_005_aqm_RRFS-SD_2026082500.nc
+ ncap2 -h -O -s 'pm10=float(pm25+dust_coarse)' /scratch3/BMC/acomp/Gonzalo.Ferrada/verif/realtime/model_output/RRFS-SD/2026082500/frame_005_aqm_RRFS-SD_2026082500.nc /scratch3/BMC/acomp/Gonzalo.Ferrada/verif/realtime/model_output/RRFS-SD/2026082500/frame_005_aqm_RRFS-SD_2026082500.nc
+ ncap2 -h -O -s lat=latitude -s lon=longitude /scratch3/BMC/acomp/Gonzalo.Ferrada/verif/realtime/model_output/RRFS-SD/2026082500/frame_005_aqm_RRFS-SD_2026082500.nc /scratch3/BMC/acomp/Gonzalo.Ferrada/verif/realtime/model_output/RRFS-SD/2026082500/frame_005_aqm_RRFS-SD_2026082500.nc
+ ncks -h -O -x -v hlevel /scratch3/BMC/acomp/Gonzalo.Ferrada/verif/realtime/model_output/RRFS-SD/2026082500/frame_005_aqm_RRFS-SD_2026082500.nc /scratch3/BMC/acomp/Gonzalo.Ferrada/verif/realtime/model_output/RRFS-SD/2026082500/frame_005_aqm_RRFS-SD_2026082500.nc
+ echo Compressing...
Compressing...
+ ncks -O -4 -L 3 /scratch3/BMC/acomp/Gonzalo.Ferrada/verif/realtime/model_output/RRFS-SD/2026082500/frame_005_aqm_RRFS-SD_2026082500.nc /scratch3/BMC/acomp/Gonzalo.Ferrada/verif/realtime/model_output/RRFS-SD/2026082500/frame_005_aqm_RRFS-SD_2026082500.nc
+ isfile /scratch3/BMC/acomp/Gonzalo.Ferrada/verif/realtime/model_output/RRFS-SD/2026082500/frame_005_aqm_RRFS-SD_2026082500.nc
+ local file=/scratch3/BMC/acomp/Gonzalo.Ferrada/verif/realtime/model_output/RRFS-SD/2026082500/frame_005_aqm_RRFS-SD_2026082500.nc
+ [[ ! -s /scratch3/BMC/acomp/Gonzalo.Ferrada/verif/realtime/model_output/RRFS-SD/2026082500/frame_005_aqm_RRFS-SD_2026082500.nc ]]
+ echo '/scratch3/BMC/acomp/Gonzalo.Ferrada/verif/realtime/model_output/RRFS-SD/2026082500/frame_005_aqm_RRFS-SD_2026082500.nc created!'
/scratch3/BMC/acomp/Gonzalo.Ferrada/verif/realtime/model_output/RRFS-SD/2026082500/frame_005_aqm_RRFS-SD_2026082500.nc created!
+ (( hh+=MODEL_DT  ))
+ (( hh<=LEAD_HH_END ))
+ printf -v HHH %03d 6
+ fin=/scratch3/BMC/acomp/Sudheer/Fire-nest/Retros/RRFS_A/RT/GRIB2/rrfs.20260825/00/rrfs.t00z.2dfld.3km.f006.na.grib2
+ fout=/scratch3/BMC/acomp/Gonzalo.Ferrada/verif/realtime/model_output/RRFS-SD/2026082500/frame_006_aqm_RRFS-SD_2026082500.nc
+ isfile /scratch3/BMC/acomp/Sudheer/Fire-nest/Retros/RRFS_A/RT/GRIB2/rrfs.20260825/00/rrfs.t00z.2dfld.3km.f006.na.grib2
+ local file=/scratch3/BMC/acomp/Sudheer/Fire-nest/Retros/RRFS_A/RT/GRIB2/rrfs.20260825/00/rrfs.t00z.2dfld.3km.f006.na.grib2
+ [[ ! -s /scratch3/BMC/acomp/Sudheer/Fire-nest/Retros/RRFS_A/RT/GRIB2/rrfs.20260825/00/rrfs.t00z.2dfld.3km.f006.na.grib2 ]]
+ echo ==============================================================================
==============================================================================
+ echo 'Working on /scratch3/BMC/acomp/Gonzalo.Ferrada/verif/realtime/model_output/RRFS-SD/2026082500/frame_006_aqm_RRFS-SD_2026082500.nc'
Working on /scratch3/BMC/acomp/Gonzalo.Ferrada/verif/realtime/model_output/RRFS-SD/2026082500/frame_006_aqm_RRFS-SD_2026082500.nc
+ echo 'Extracting GRIB2 variables...'
Extracting GRIB2 variables...
+ extract_grib AOTK /scratch3/BMC/acomp/Sudheer/Fire-nest/Retros/RRFS_A/RT/GRIB2/rrfs.20260825/00/rrfs.t00z.2dfld.3km.f006.na.grib2 /scratch3/BMC/acomp/Gonzalo.Ferrada/verif/realtime/model_output/RRFS-SD/2026082500/frame_006_aqm_RRFS-SD_2026082500_aod.nc AOTK_entireatmosphere_consideredasasinglelayer_ AOD550
+ local match=AOTK
+ local fin=/scratch3/BMC/acomp/Sudheer/Fire-nest/Retros/RRFS_A/RT/GRIB2/rrfs.20260825/00/rrfs.t00z.2dfld.3km.f006.na.grib2
+ local outfile=/scratch3/BMC/acomp/Gonzalo.Ferrada/verif/realtime/model_output/RRFS-SD/2026082500/frame_006_aqm_RRFS-SD_2026082500_aod.nc
+ local rename_from=AOTK_entireatmosphere_consideredasasinglelayer_
+ local rename_to=AOD550
+ wgrib2 -nc_nlev 1 -match AOTK -set center 7 /scratch3/BMC/acomp/Sudheer/Fire-nest/Retros/RRFS_A/RT/GRIB2/rrfs.20260825/00/rrfs.t00z.2dfld.3km.f006.na.grib2 -netcdf /scratch3/BMC/acomp/Gonzalo.Ferrada/verif/realtime/model_output/RRFS-SD/2026082500/frame_006_aqm_RRFS-SD_2026082500_aod.nc
netcdf: doesn't support yet grid_template 1
147:749275214:d=2026082500:AOTK:entire atmosphere (considered as a single layer):6 hour fcst:
+ [[ -n AOTK_entireatmosphere_consideredasasinglelayer_ ]]
+ ncrename -h -v AOTK_entireatmosphere_consideredasasinglelayer_,AOD550 /scratch3/BMC/acomp/Gonzalo.Ferrada/verif/realtime/model_output/RRFS-SD/2026082500/frame_006_aqm_RRFS-SD_2026082500_aod.nc
+ extract_grib DSWRF /scratch3/BMC/acomp/Sudheer/Fire-nest/Retros/RRFS_A/RT/GRIB2/rrfs.20260825/00/rrfs.t00z.2dfld.3km.f006.na.grib2 /scratch3/BMC/acomp/Gonzalo.Ferrada/verif/realtime/model_output/RRFS-SD/2026082500/frame_006_aqm_RRFS-SD_2026082500_dswrf.nc '' ''
+ local match=DSWRF
+ local fin=/scratch3/BMC/acomp/Sudheer/Fire-nest/Retros/RRFS_A/RT/GRIB2/rrfs.20260825/00/rrfs.t00z.2dfld.3km.f006.na.grib2
+ local outfile=/scratch3/BMC/acomp/Gonzalo.Ferrada/verif/realtime/model_output/RRFS-SD/2026082500/frame_006_aqm_RRFS-SD_2026082500_dswrf.nc
+ local rename_from=
+ local rename_to=
+ wgrib2 -nc_nlev 1 -match DSWRF -set center 7 /scratch3/BMC/acomp/Sudheer/Fire-nest/Retros/RRFS_A/RT/GRIB2/rrfs.20260825/00/rrfs.t00z.2dfld.3km.f006.na.grib2 -netcdf /scratch3/BMC/acomp/Gonzalo.Ferrada/verif/realtime/model_output/RRFS-SD/2026082500/frame_006_aqm_RRFS-SD_2026082500_dswrf.nc
netcdf: doesn't support yet grid_template 1
173:979104411:d=2026082500:DSWRF:surface:5-6 hour ave fcst:
180:1023459440:d=2026082500:DSWRF:surface:6 hour fcst:
+ [[ -n '' ]]
+ extract_grib VIS /scratch3/BMC/acomp/Sudheer/Fire-nest/Retros/RRFS_A/RT/GRIB2/rrfs.20260825/00/rrfs.t00z.2dfld.3km.f006.na.grib2 /scratch3/BMC/acomp/Gonzalo.Ferrada/verif/realtime/model_output/RRFS-SD/2026082500/frame_006_aqm_RRFS-SD_2026082500_vis.nc '' ''
+ local match=VIS
+ local fin=/scratch3/BMC/acomp/Sudheer/Fire-nest/Retros/RRFS_A/RT/GRIB2/rrfs.20260825/00/rrfs.t00z.2dfld.3km.f006.na.grib2
+ local outfile=/scratch3/BMC/acomp/Gonzalo.Ferrada/verif/realtime/model_output/RRFS-SD/2026082500/frame_006_aqm_RRFS-SD_2026082500_vis.nc
+ local rename_from=
+ local rename_to=
+ wgrib2 -nc_nlev 1 -match VIS -set center 7 /scratch3/BMC/acomp/Sudheer/Fire-nest/Retros/RRFS_A/RT/GRIB2/rrfs.20260825/00/rrfs.t00z.2dfld.3km.f006.na.grib2 -netcdf /scratch3/BMC/acomp/Gonzalo.Ferrada/verif/realtime/model_output/RRFS-SD/2026082500/frame_006_aqm_RRFS-SD_2026082500_vis.nc
netcdf: doesn't support yet grid_template 1
5:25952291:d=2026082500:VIS:surface:6 hour fcst:
+ [[ -n '' ]]
+ extract_grib 'HGT:cloud ceiling' /scratch3/BMC/acomp/Sudheer/Fire-nest/Retros/RRFS_A/RT/GRIB2/rrfs.20260825/00/rrfs.t00z.2dfld.3km.f006.na.grib2 /scratch3/BMC/acomp/Gonzalo.Ferrada/verif/realtime/model_output/RRFS-SD/2026082500/frame_006_aqm_RRFS-SD_2026082500_ceil.nc '' ''
+ local 'match=HGT:cloud ceiling'
+ local fin=/scratch3/BMC/acomp/Sudheer/Fire-nest/Retros/RRFS_A/RT/GRIB2/rrfs.20260825/00/rrfs.t00z.2dfld.3km.f006.na.grib2
+ local outfile=/scratch3/BMC/acomp/Gonzalo.Ferrada/verif/realtime/model_output/RRFS-SD/2026082500/frame_006_aqm_RRFS-SD_2026082500_ceil.nc
+ local rename_from=
+ local rename_to=
+ wgrib2 -nc_nlev 1 -match 'HGT:cloud ceiling' -set center 7 /scratch3/BMC/acomp/Sudheer/Fire-nest/Retros/RRFS_A/RT/GRIB2/rrfs.20260825/00/rrfs.t00z.2dfld.3km.f006.na.grib2 -netcdf /scratch3/BMC/acomp/Gonzalo.Ferrada/verif/realtime/model_output/RRFS-SD/2026082500/frame_006_aqm_RRFS-SD_2026082500_ceil.nc
netcdf: doesn't support yet grid_template 1
165:873656362:d=2026082500:HGT:cloud ceiling:6 hour fcst:
+ [[ -n '' ]]
+ extract_grib 'Dust dry:aerosol_size <2.5e-06' /scratch3/BMC/acomp/Sudheer/Fire-nest/Retros/RRFS_A/RT/GRIB2/rrfs.20260825/00/rrfs.t00z.2dfld.3km.f006.na.grib2 /scratch3/BMC/acomp/Gonzalo.Ferrada/verif/realtime/model_output/RRFS-SD/2026082500/frame_006_aqm_RRFS-SD_2026082500_dust_fine.nc MASSDEN_8maboveground dust_fine
+ local 'match=Dust dry:aerosol_size <2.5e-06'
+ local fin=/scratch3/BMC/acomp/Sudheer/Fire-nest/Retros/RRFS_A/RT/GRIB2/rrfs.20260825/00/rrfs.t00z.2dfld.3km.f006.na.grib2
+ local outfile=/scratch3/BMC/acomp/Gonzalo.Ferrada/verif/realtime/model_output/RRFS-SD/2026082500/frame_006_aqm_RRFS-SD_2026082500_dust_fine.nc
+ local rename_from=MASSDEN_8maboveground
+ local rename_to=dust_fine
+ wgrib2 -nc_nlev 1 -match 'Dust dry:aerosol_size <2.5e-06' -set center 7 /scratch3/BMC/acomp/Sudheer/Fire-nest/Retros/RRFS_A/RT/GRIB2/rrfs.20260825/00/rrfs.t00z.2dfld.3km.f006.na.grib2 -netcdf /scratch3/BMC/acomp/Gonzalo.Ferrada/verif/realtime/model_output/RRFS-SD/2026082500/frame_006_aqm_RRFS-SD_2026082500_dust_fine.nc
netcdf: doesn't support yet grid_template 1
84:499535056:d=2026082500:MASSDEN:8 m above ground:6 hour fcst:aerosol=Dust dry:aerosol_size <2.5e-06:
149:769043505:d=2026082500:COLMD:entire atmosphere (considered as a single layer):6 hour fcst:aerosol=Dust dry:aerosol_size <2.5e-06:
+ [[ -n MASSDEN_8maboveground ]]
+ ncrename -h -v MASSDEN_8maboveground,dust_fine /scratch3/BMC/acomp/Gonzalo.Ferrada/verif/realtime/model_output/RRFS-SD/2026082500/frame_006_aqm_RRFS-SD_2026082500_dust_fine.nc
+ extract_grib 'Dust dry:aerosol_size >=2.5e-06' /scratch3/BMC/acomp/Sudheer/Fire-nest/Retros/RRFS_A/RT/GRIB2/rrfs.20260825/00/rrfs.t00z.2dfld.3km.f006.na.grib2 /scratch3/BMC/acomp/Gonzalo.Ferrada/verif/realtime/model_output/RRFS-SD/2026082500/frame_006_aqm_RRFS-SD_2026082500_dust_coarse.nc MASSDEN_8maboveground dust_coarse
+ local 'match=Dust dry:aerosol_size >=2.5e-06'
+ local fin=/scratch3/BMC/acomp/Sudheer/Fire-nest/Retros/RRFS_A/RT/GRIB2/rrfs.20260825/00/rrfs.t00z.2dfld.3km.f006.na.grib2
+ local outfile=/scratch3/BMC/acomp/Gonzalo.Ferrada/verif/realtime/model_output/RRFS-SD/2026082500/frame_006_aqm_RRFS-SD_2026082500_dust_coarse.nc
+ local rename_from=MASSDEN_8maboveground
+ local rename_to=dust_coarse
+ wgrib2 -nc_nlev 1 -match 'Dust dry:aerosol_size >=2.5e-06' -set center 7 /scratch3/BMC/acomp/Sudheer/Fire-nest/Retros/RRFS_A/RT/GRIB2/rrfs.20260825/00/rrfs.t00z.2dfld.3km.f006.na.grib2 -netcdf /scratch3/BMC/acomp/Gonzalo.Ferrada/verif/realtime/model_output/RRFS-SD/2026082500/frame_006_aqm_RRFS-SD_2026082500_dust_coarse.nc
netcdf: doesn't support yet grid_template 1
87:508764067:d=2026082500:MASSDEN:8 m above ground:6 hour fcst:aerosol=Dust dry:aerosol_size >=2.5e-06,<1e-05:
150:773227239:d=2026082500:COLMD:entire atmosphere (considered as a single layer):6 hour fcst:aerosol=Dust dry:aerosol_size >=2.5e-06,<1e-05:
+ [[ -n MASSDEN_8maboveground ]]
+ ncrename -h -v MASSDEN_8maboveground,dust_coarse /scratch3/BMC/acomp/Gonzalo.Ferrada/verif/realtime/model_output/RRFS-SD/2026082500/frame_006_aqm_RRFS-SD_2026082500_dust_coarse.nc
+ extract_grib organic /scratch3/BMC/acomp/Sudheer/Fire-nest/Retros/RRFS_A/RT/GRIB2/rrfs.20260825/00/rrfs.t00z.2dfld.3km.f006.na.grib2 /scratch3/BMC/acomp/Gonzalo.Ferrada/verif/realtime/model_output/RRFS-SD/2026082500/frame_006_aqm_RRFS-SD_2026082500_smoke.nc MASSDEN_8maboveground smoke
+ local match=organic
+ local fin=/scratch3/BMC/acomp/Sudheer/Fire-nest/Retros/RRFS_A/RT/GRIB2/rrfs.20260825/00/rrfs.t00z.2dfld.3km.f006.na.grib2
+ local outfile=/scratch3/BMC/acomp/Gonzalo.Ferrada/verif/realtime/model_output/RRFS-SD/2026082500/frame_006_aqm_RRFS-SD_2026082500_smoke.nc
+ local rename_from=MASSDEN_8maboveground
+ local rename_to=smoke
+ wgrib2 -nc_nlev 1 -match organic -set center 7 /scratch3/BMC/acomp/Sudheer/Fire-nest/Retros/RRFS_A/RT/GRIB2/rrfs.20260825/00/rrfs.t00z.2dfld.3km.f006.na.grib2 -netcdf /scratch3/BMC/acomp/Gonzalo.Ferrada/verif/realtime/model_output/RRFS-SD/2026082500/frame_006_aqm_RRFS-SD_2026082500_smoke.nc
netcdf: doesn't support yet grid_template 1
83:496133193:d=2026082500:MASSDEN:8 m above ground:6 hour fcst:aerosol=Particulate organic matter dry:aerosol_size <2.5e-06:
148:763073500:d=2026082500:COLMD:entire atmosphere (considered as a single layer):6 hour fcst:aerosol=Particulate organic matter dry:aerosol_size <2.5e-06:
153:788258176:d=2026082500:AEMFLX:entire atmosphere (considered as a single layer):6 hour fcst:aerosol=Particulate organic matter dry:aerosol_size <2.5e-06:
+ [[ -n MASSDEN_8maboveground ]]
+ ncrename -h -v MASSDEN_8maboveground,smoke /scratch3/BMC/acomp/Gonzalo.Ferrada/verif/realtime/model_output/RRFS-SD/2026082500/frame_006_aqm_RRFS-SD_2026082500_smoke.nc
+ extract_grib ':(UGRD|VGRD):10 m above ground:' /scratch3/BMC/acomp/Sudheer/Fire-nest/Retros/RRFS_A/RT/GRIB2/rrfs.20260825/00/rrfs.t00z.2dfld.3km.f006.na.grib2 /scratch3/BMC/acomp/Gonzalo.Ferrada/verif/realtime/model_output/RRFS-SD/2026082500/frame_006_aqm_RRFS-SD_2026082500_wind.nc '' ''
+ local 'match=:(UGRD|VGRD):10 m above ground:'
+ local fin=/scratch3/BMC/acomp/Sudheer/Fire-nest/Retros/RRFS_A/RT/GRIB2/rrfs.20260825/00/rrfs.t00z.2dfld.3km.f006.na.grib2
+ local outfile=/scratch3/BMC/acomp/Gonzalo.Ferrada/verif/realtime/model_output/RRFS-SD/2026082500/frame_006_aqm_RRFS-SD_2026082500_wind.nc
+ local rename_from=
+ local rename_to=
+ wgrib2 -nc_nlev 1 -match ':(UGRD|VGRD):10 m above ground:' -set center 7 /scratch3/BMC/acomp/Sudheer/Fire-nest/Retros/RRFS_A/RT/GRIB2/rrfs.20260825/00/rrfs.t00z.2dfld.3km.f006.na.grib2 -netcdf /scratch3/BMC/acomp/Gonzalo.Ferrada/verif/realtime/model_output/RRFS-SD/2026082500/frame_006_aqm_RRFS-SD_2026082500_wind.nc
netcdf: doesn't support yet grid_template 1
88:510688957:d=2026082500:UGRD:10 m above ground:6 hour fcst:
89:522338816:d=2026082500:VGRD:10 m above ground:6 hour fcst:
+ [[ -n '' ]]
+ extract_grib ':(DPT|TMP):2 m above ground:' /scratch3/BMC/acomp/Sudheer/Fire-nest/Retros/RRFS_A/RT/GRIB2/rrfs.20260825/00/rrfs.t00z.2dfld.3km.f006.na.grib2 /scratch3/BMC/acomp/Gonzalo.Ferrada/verif/realtime/model_output/RRFS-SD/2026082500/frame_006_aqm_RRFS-SD_2026082500_temp.nc '' ''
+ local 'match=:(DPT|TMP):2 m above ground:'
+ local fin=/scratch3/BMC/acomp/Sudheer/Fire-nest/Retros/RRFS_A/RT/GRIB2/rrfs.20260825/00/rrfs.t00z.2dfld.3km.f006.na.grib2
+ local outfile=/scratch3/BMC/acomp/Gonzalo.Ferrada/verif/realtime/model_output/RRFS-SD/2026082500/frame_006_aqm_RRFS-SD_2026082500_temp.nc
+ local rename_from=
+ local rename_to=
+ wgrib2 -nc_nlev 1 -match ':(DPT|TMP):2 m above ground:' -set center 7 /scratch3/BMC/acomp/Sudheer/Fire-nest/Retros/RRFS_A/RT/GRIB2/rrfs.20260825/00/rrfs.t00z.2dfld.3km.f006.na.grib2 -netcdf /scratch3/BMC/acomp/Gonzalo.Ferrada/verif/realtime/model_output/RRFS-SD/2026082500/frame_006_aqm_RRFS-SD_2026082500_temp.nc
netcdf: doesn't support yet grid_template 1
74:413090825:d=2026082500:TMP:2 m above ground:6 hour fcst:
76:433350830:d=2026082500:DPT:2 m above ground:6 hour fcst:
+ [[ -n '' ]]
+ extract_grib APCP /scratch3/BMC/acomp/Sudheer/Fire-nest/Retros/RRFS_A/RT/GRIB2/rrfs.20260825/00/rrfs.t00z.2dfld.3km.f006.na.grib2 /scratch3/BMC/acomp/Gonzalo.Ferrada/verif/realtime/model_output/RRFS-SD/2026082500/frame_006_aqm_RRFS-SD_2026082500_precip.nc '' ''
+ local match=APCP
+ local fin=/scratch3/BMC/acomp/Sudheer/Fire-nest/Retros/RRFS_A/RT/GRIB2/rrfs.20260825/00/rrfs.t00z.2dfld.3km.f006.na.grib2
+ local outfile=/scratch3/BMC/acomp/Gonzalo.Ferrada/verif/realtime/model_output/RRFS-SD/2026082500/frame_006_aqm_RRFS-SD_2026082500_precip.nc
+ local rename_from=
+ local rename_to=
+ wgrib2 -nc_nlev 1 -match APCP -set center 7 /scratch3/BMC/acomp/Sudheer/Fire-nest/Retros/RRFS_A/RT/GRIB2/rrfs.20260825/00/rrfs.t00z.2dfld.3km.f006.na.grib2 -netcdf /scratch3/BMC/acomp/Gonzalo.Ferrada/verif/realtime/model_output/RRFS-SD/2026082500/frame_006_aqm_RRFS-SD_2026082500_precip.nc
netcdf: doesn't support yet grid_template 1
97:573328058:d=2026082500:APCP:surface:5-6 hour acc fcst:
98:576757180:d=2026082500:APCP:surface:0-6 hour acc fcst:
+ [[ -n '' ]]
+ echo 'Calculations (ncap2)...'
Calculations (ncap2)...
+ ncap2 -O -h -s 'WIND_10maboveground=float(sqrt(UGRD_10maboveground^2 + VGRD_10maboveground^2))' /scratch3/BMC/acomp/Gonzalo.Ferrada/verif/realtime/model_output/RRFS-SD/2026082500/frame_006_aqm_RRFS-SD_2026082500_wind.nc /scratch3/BMC/acomp/Gonzalo.Ferrada/verif/realtime/model_output/RRFS-SD/2026082500/frame_006_aqm_RRFS-SD_2026082500_wind.nc
+ ncap2 -O -h -s 'WDIR_10maboveground=float(180.+(180./3.14159)*atan2(UGRD_10maboveground,VGRD_10maboveground))' /scratch3/BMC/acomp/Gonzalo.Ferrada/verif/realtime/model_output/RRFS-SD/2026082500/frame_006_aqm_RRFS-SD_2026082500_wind.nc /scratch3/BMC/acomp/Gonzalo.Ferrada/verif/realtime/model_output/RRFS-SD/2026082500/frame_006_aqm_RRFS-SD_2026082500_wind.nc
+ ncap2 -O -h -s 'TMP_2maboveground=float(TMP_2maboveground-273.15)' /scratch3/BMC/acomp/Gonzalo.Ferrada/verif/realtime/model_output/RRFS-SD/2026082500/frame_006_aqm_RRFS-SD_2026082500_temp.nc /scratch3/BMC/acomp/Gonzalo.Ferrada/verif/realtime/model_output/RRFS-SD/2026082500/frame_006_aqm_RRFS-SD_2026082500_temp.nc
+ ncap2 -O -h -s 'DPT_2maboveground=float(DPT_2maboveground-273.15)' /scratch3/BMC/acomp/Gonzalo.Ferrada/verif/realtime/model_output/RRFS-SD/2026082500/frame_006_aqm_RRFS-SD_2026082500_temp.nc /scratch3/BMC/acomp/Gonzalo.Ferrada/verif/realtime/model_output/RRFS-SD/2026082500/frame_006_aqm_RRFS-SD_2026082500_temp.nc
+ ncap2 -O -h -s 'dust_fine=float(1.e9*dust_fine)' /scratch3/BMC/acomp/Gonzalo.Ferrada/verif/realtime/model_output/RRFS-SD/2026082500/frame_006_aqm_RRFS-SD_2026082500_dust_fine.nc /scratch3/BMC/acomp/Gonzalo.Ferrada/verif/realtime/model_output/RRFS-SD/2026082500/frame_006_aqm_RRFS-SD_2026082500_dust_fine.nc
+ ncap2 -O -h -s 'dust_coarse=float(1.e9*dust_coarse)' /scratch3/BMC/acomp/Gonzalo.Ferrada/verif/realtime/model_output/RRFS-SD/2026082500/frame_006_aqm_RRFS-SD_2026082500_dust_coarse.nc /scratch3/BMC/acomp/Gonzalo.Ferrada/verif/realtime/model_output/RRFS-SD/2026082500/frame_006_aqm_RRFS-SD_2026082500_dust_coarse.nc
+ ncap2 -O -h -s 'smoke=float(1.e9*smoke)' /scratch3/BMC/acomp/Gonzalo.Ferrada/verif/realtime/model_output/RRFS-SD/2026082500/frame_006_aqm_RRFS-SD_2026082500_smoke.nc /scratch3/BMC/acomp/Gonzalo.Ferrada/verif/realtime/model_output/RRFS-SD/2026082500/frame_006_aqm_RRFS-SD_2026082500_smoke.nc
+ ncap2 -O -h -s 'VIS_surface=float(0.000621371*VIS_surface)' /scratch3/BMC/acomp/Gonzalo.Ferrada/verif/realtime/model_output/RRFS-SD/2026082500/frame_006_aqm_RRFS-SD_2026082500_vis.nc /scratch3/BMC/acomp/Gonzalo.Ferrada/verif/realtime/model_output/RRFS-SD/2026082500/frame_006_aqm_RRFS-SD_2026082500_vis.nc
+ ncap2 -O -h -s 'where(VIS_surface>10.0) VIS_surface=10.0' /scratch3/BMC/acomp/Gonzalo.Ferrada/verif/realtime/model_output/RRFS-SD/2026082500/frame_006_aqm_RRFS-SD_2026082500_vis.nc /scratch3/BMC/acomp/Gonzalo.Ferrada/verif/realtime/model_output/RRFS-SD/2026082500/frame_006_aqm_RRFS-SD_2026082500_vis.nc
+ echo 'Merging to /scratch3/BMC/acomp/Gonzalo.Ferrada/verif/realtime/model_output/RRFS-SD/2026082500/frame_006_aqm_RRFS-SD_2026082500.nc...'
Merging to /scratch3/BMC/acomp/Gonzalo.Ferrada/verif/realtime/model_output/RRFS-SD/2026082500/frame_006_aqm_RRFS-SD_2026082500.nc...
+ ncks -A -h /scratch3/BMC/acomp/Gonzalo.Ferrada/verif/realtime/model_output/RRFS-SD/2026082500/frame_006_aqm_RRFS-SD_2026082500_aod.nc /scratch3/BMC/acomp/Gonzalo.Ferrada/verif/realtime/model_output/RRFS-SD/2026082500/frame_006_aqm_RRFS-SD_2026082500.nc
+ ncks -A -h -v DSWRF_surface /scratch3/BMC/acomp/Gonzalo.Ferrada/verif/realtime/model_output/RRFS-SD/2026082500/frame_006_aqm_RRFS-SD_2026082500_dswrf.nc /scratch3/BMC/acomp/Gonzalo.Ferrada/verif/realtime/model_output/RRFS-SD/2026082500/frame_006_aqm_RRFS-SD_2026082500.nc
+ ncks -A -h -v VIS_surface /scratch3/BMC/acomp/Gonzalo.Ferrada/verif/realtime/model_output/RRFS-SD/2026082500/frame_006_aqm_RRFS-SD_2026082500_vis.nc /scratch3/BMC/acomp/Gonzalo.Ferrada/verif/realtime/model_output/RRFS-SD/2026082500/frame_006_aqm_RRFS-SD_2026082500.nc
+ ncks -A -h -v HGT_cloudceiling /scratch3/BMC/acomp/Gonzalo.Ferrada/verif/realtime/model_output/RRFS-SD/2026082500/frame_006_aqm_RRFS-SD_2026082500_ceil.nc /scratch3/BMC/acomp/Gonzalo.Ferrada/verif/realtime/model_output/RRFS-SD/2026082500/frame_006_aqm_RRFS-SD_2026082500.nc
+ ncks -A -h -v dust_fine /scratch3/BMC/acomp/Gonzalo.Ferrada/verif/realtime/model_output/RRFS-SD/2026082500/frame_006_aqm_RRFS-SD_2026082500_dust_fine.nc /scratch3/BMC/acomp/Gonzalo.Ferrada/verif/realtime/model_output/RRFS-SD/2026082500/frame_006_aqm_RRFS-SD_2026082500.nc
+ ncks -A -h -v dust_coarse /scratch3/BMC/acomp/Gonzalo.Ferrada/verif/realtime/model_output/RRFS-SD/2026082500/frame_006_aqm_RRFS-SD_2026082500_dust_coarse.nc /scratch3/BMC/acomp/Gonzalo.Ferrada/verif/realtime/model_output/RRFS-SD/2026082500/frame_006_aqm_RRFS-SD_2026082500.nc
+ ncks -A -h -v smoke /scratch3/BMC/acomp/Gonzalo.Ferrada/verif/realtime/model_output/RRFS-SD/2026082500/frame_006_aqm_RRFS-SD_2026082500_smoke.nc /scratch3/BMC/acomp/Gonzalo.Ferrada/verif/realtime/model_output/RRFS-SD/2026082500/frame_006_aqm_RRFS-SD_2026082500.nc
+ ncks -A -h -v WIND_10maboveground,WDIR_10maboveground /scratch3/BMC/acomp/Gonzalo.Ferrada/verif/realtime/model_output/RRFS-SD/2026082500/frame_006_aqm_RRFS-SD_2026082500_wind.nc /scratch3/BMC/acomp/Gonzalo.Ferrada/verif/realtime/model_output/RRFS-SD/2026082500/frame_006_aqm_RRFS-SD_2026082500.nc
+ ncks -A -h -v TMP_2maboveground,DPT_2maboveground /scratch3/BMC/acomp/Gonzalo.Ferrada/verif/realtime/model_output/RRFS-SD/2026082500/frame_006_aqm_RRFS-SD_2026082500_temp.nc /scratch3/BMC/acomp/Gonzalo.Ferrada/verif/realtime/model_output/RRFS-SD/2026082500/frame_006_aqm_RRFS-SD_2026082500.nc
+ ncks -A -h -v APCP_surface /scratch3/BMC/acomp/Gonzalo.Ferrada/verif/realtime/model_output/RRFS-SD/2026082500/frame_006_aqm_RRFS-SD_2026082500_precip.nc /scratch3/BMC/acomp/Gonzalo.Ferrada/verif/realtime/model_output/RRFS-SD/2026082500/frame_006_aqm_RRFS-SD_2026082500.nc
+ echo 'Deleting intermediate files...'
Deleting intermediate files...
+ rm -f /scratch3/BMC/acomp/Gonzalo.Ferrada/verif/realtime/model_output/RRFS-SD/2026082500/frame_006_aqm_RRFS-SD_2026082500_aod.nc /scratch3/BMC/acomp/Gonzalo.Ferrada/verif/realtime/model_output/RRFS-SD/2026082500/frame_006_aqm_RRFS-SD_2026082500_ceil.nc /scratch3/BMC/acomp/Gonzalo.Ferrada/verif/realtime/model_output/RRFS-SD/2026082500/frame_006_aqm_RRFS-SD_2026082500_dswrf.nc /scratch3/BMC/acomp/Gonzalo.Ferrada/verif/realtime/model_output/RRFS-SD/2026082500/frame_006_aqm_RRFS-SD_2026082500_dust_coarse.nc /scratch3/BMC/acomp/Gonzalo.Ferrada/verif/realtime/model_output/RRFS-SD/2026082500/frame_006_aqm_RRFS-SD_2026082500_dust_fine.nc /scratch3/BMC/acomp/Gonzalo.Ferrada/verif/realtime/model_output/RRFS-SD/2026082500/frame_006_aqm_RRFS-SD_2026082500_precip.nc /scratch3/BMC/acomp/Gonzalo.Ferrada/verif/realtime/model_output/RRFS-SD/2026082500/frame_006_aqm_RRFS-SD_2026082500_smoke.nc /scratch3/BMC/acomp/Gonzalo.Ferrada/verif/realtime/model_output/RRFS-SD/2026082500/frame_006_aqm_RRFS-SD_2026082500_temp.nc /scratch3/BMC/acomp/Gonzalo.Ferrada/verif/realtime/model_output/RRFS-SD/2026082500/frame_006_aqm_RRFS-SD_2026082500_vis.nc /scratch3/BMC/acomp/Gonzalo.Ferrada/verif/realtime/model_output/RRFS-SD/2026082500/frame_006_aqm_RRFS-SD_2026082500_wind.nc
+ echo 'Final calculations...'
Final calculations...
+ ncap2 -h -O -s 'pm25=float(dust_fine+smoke)' /scratch3/BMC/acomp/Gonzalo.Ferrada/verif/realtime/model_output/RRFS-SD/2026082500/frame_006_aqm_RRFS-SD_2026082500.nc /scratch3/BMC/acomp/Gonzalo.Ferrada/verif/realtime/model_output/RRFS-SD/2026082500/frame_006_aqm_RRFS-SD_2026082500.nc
+ ncap2 -h -O -s 'pm10=float(pm25+dust_coarse)' /scratch3/BMC/acomp/Gonzalo.Ferrada/verif/realtime/model_output/RRFS-SD/2026082500/frame_006_aqm_RRFS-SD_2026082500.nc /scratch3/BMC/acomp/Gonzalo.Ferrada/verif/realtime/model_output/RRFS-SD/2026082500/frame_006_aqm_RRFS-SD_2026082500.nc
+ ncap2 -h -O -s lat=latitude -s lon=longitude /scratch3/BMC/acomp/Gonzalo.Ferrada/verif/realtime/model_output/RRFS-SD/2026082500/frame_006_aqm_RRFS-SD_2026082500.nc /scratch3/BMC/acomp/Gonzalo.Ferrada/verif/realtime/model_output/RRFS-SD/2026082500/frame_006_aqm_RRFS-SD_2026082500.nc
+ ncks -h -O -x -v hlevel /scratch3/BMC/acomp/Gonzalo.Ferrada/verif/realtime/model_output/RRFS-SD/2026082500/frame_006_aqm_RRFS-SD_2026082500.nc /scratch3/BMC/acomp/Gonzalo.Ferrada/verif/realtime/model_output/RRFS-SD/2026082500/frame_006_aqm_RRFS-SD_2026082500.nc
+ echo Compressing...
Compressing...
+ ncks -O -4 -L 3 /scratch3/BMC/acomp/Gonzalo.Ferrada/verif/realtime/model_output/RRFS-SD/2026082500/frame_006_aqm_RRFS-SD_2026082500.nc /scratch3/BMC/acomp/Gonzalo.Ferrada/verif/realtime/model_output/RRFS-SD/2026082500/frame_006_aqm_RRFS-SD_2026082500.nc
+ isfile /scratch3/BMC/acomp/Gonzalo.Ferrada/verif/realtime/model_output/RRFS-SD/2026082500/frame_006_aqm_RRFS-SD_2026082500.nc
+ local file=/scratch3/BMC/acomp/Gonzalo.Ferrada/verif/realtime/model_output/RRFS-SD/2026082500/frame_006_aqm_RRFS-SD_2026082500.nc
+ [[ ! -s /scratch3/BMC/acomp/Gonzalo.Ferrada/verif/realtime/model_output/RRFS-SD/2026082500/frame_006_aqm_RRFS-SD_2026082500.nc ]]
+ echo '/scratch3/BMC/acomp/Gonzalo.Ferrada/verif/realtime/model_output/RRFS-SD/2026082500/frame_006_aqm_RRFS-SD_2026082500.nc created!'
/scratch3/BMC/acomp/Gonzalo.Ferrada/verif/realtime/model_output/RRFS-SD/2026082500/frame_006_aqm_RRFS-SD_2026082500.nc created!
+ (( hh+=MODEL_DT  ))
+ (( hh<=LEAD_HH_END ))
+ printf -v HHH %03d 7
+ fin=/scratch3/BMC/acomp/Sudheer/Fire-nest/Retros/RRFS_A/RT/GRIB2/rrfs.20260825/00/rrfs.t00z.2dfld.3km.f007.na.grib2
+ fout=/scratch3/BMC/acomp/Gonzalo.Ferrada/verif/realtime/model_output/RRFS-SD/2026082500/frame_007_aqm_RRFS-SD_2026082500.nc
+ isfile /scratch3/BMC/acomp/Sudheer/Fire-nest/Retros/RRFS_A/RT/GRIB2/rrfs.20260825/00/rrfs.t00z.2dfld.3km.f007.na.grib2
+ local file=/scratch3/BMC/acomp/Sudheer/Fire-nest/Retros/RRFS_A/RT/GRIB2/rrfs.20260825/00/rrfs.t00z.2dfld.3km.f007.na.grib2
+ [[ ! -s /scratch3/BMC/acomp/Sudheer/Fire-nest/Retros/RRFS_A/RT/GRIB2/rrfs.20260825/00/rrfs.t00z.2dfld.3km.f007.na.grib2 ]]
+ echo ==============================================================================
==============================================================================
+ echo 'Working on /scratch3/BMC/acomp/Gonzalo.Ferrada/verif/realtime/model_output/RRFS-SD/2026082500/frame_007_aqm_RRFS-SD_2026082500.nc'
Working on /scratch3/BMC/acomp/Gonzalo.Ferrada/verif/realtime/model_output/RRFS-SD/2026082500/frame_007_aqm_RRFS-SD_2026082500.nc
+ echo 'Extracting GRIB2 variables...'
Extracting GRIB2 variables...
+ extract_grib AOTK /scratch3/BMC/acomp/Sudheer/Fire-nest/Retros/RRFS_A/RT/GRIB2/rrfs.20260825/00/rrfs.t00z.2dfld.3km.f007.na.grib2 /scratch3/BMC/acomp/Gonzalo.Ferrada/verif/realtime/model_output/RRFS-SD/2026082500/frame_007_aqm_RRFS-SD_2026082500_aod.nc AOTK_entireatmosphere_consideredasasinglelayer_ AOD550
+ local match=AOTK
+ local fin=/scratch3/BMC/acomp/Sudheer/Fire-nest/Retros/RRFS_A/RT/GRIB2/rrfs.20260825/00/rrfs.t00z.2dfld.3km.f007.na.grib2
+ local outfile=/scratch3/BMC/acomp/Gonzalo.Ferrada/verif/realtime/model_output/RRFS-SD/2026082500/frame_007_aqm_RRFS-SD_2026082500_aod.nc
+ local rename_from=AOTK_entireatmosphere_consideredasasinglelayer_
+ local rename_to=AOD550
+ wgrib2 -nc_nlev 1 -match AOTK -set center 7 /scratch3/BMC/acomp/Sudheer/Fire-nest/Retros/RRFS_A/RT/GRIB2/rrfs.20260825/00/rrfs.t00z.2dfld.3km.f007.na.grib2 -netcdf /scratch3/BMC/acomp/Gonzalo.Ferrada/verif/realtime/model_output/RRFS-SD/2026082500/frame_007_aqm_RRFS-SD_2026082500_aod.nc
netcdf: doesn't support yet grid_template 1
147:745539051:d=2026082500:AOTK:entire atmosphere (considered as a single layer):7 hour fcst:
+ [[ -n AOTK_entireatmosphere_consideredasasinglelayer_ ]]
+ ncrename -h -v AOTK_entireatmosphere_consideredasasinglelayer_,AOD550 /scratch3/BMC/acomp/Gonzalo.Ferrada/verif/realtime/model_output/RRFS-SD/2026082500/frame_007_aqm_RRFS-SD_2026082500_aod.nc
+ extract_grib DSWRF /scratch3/BMC/acomp/Sudheer/Fire-nest/Retros/RRFS_A/RT/GRIB2/rrfs.20260825/00/rrfs.t00z.2dfld.3km.f007.na.grib2 /scratch3/BMC/acomp/Gonzalo.Ferrada/verif/realtime/model_output/RRFS-SD/2026082500/frame_007_aqm_RRFS-SD_2026082500_dswrf.nc '' ''
+ local match=DSWRF
+ local fin=/scratch3/BMC/acomp/Sudheer/Fire-nest/Retros/RRFS_A/RT/GRIB2/rrfs.20260825/00/rrfs.t00z.2dfld.3km.f007.na.grib2
+ local outfile=/scratch3/BMC/acomp/Gonzalo.Ferrada/verif/realtime/model_output/RRFS-SD/2026082500/frame_007_aqm_RRFS-SD_2026082500_dswrf.nc
+ local rename_from=
+ local rename_to=
+ wgrib2 -nc_nlev 1 -match DSWRF -set center 7 /scratch3/BMC/acomp/Sudheer/Fire-nest/Retros/RRFS_A/RT/GRIB2/rrfs.20260825/00/rrfs.t00z.2dfld.3km.f007.na.grib2 -netcdf /scratch3/BMC/acomp/Gonzalo.Ferrada/verif/realtime/model_output/RRFS-SD/2026082500/frame_007_aqm_RRFS-SD_2026082500_dswrf.nc
netcdf: doesn't support yet grid_template 1
173:976370069:d=2026082500:DSWRF:surface:6-7 hour ave fcst:
180:1019750024:d=2026082500:DSWRF:surface:7 hour fcst:
+ [[ -n '' ]]
+ extract_grib VIS /scratch3/BMC/acomp/Sudheer/Fire-nest/Retros/RRFS_A/RT/GRIB2/rrfs.20260825/00/rrfs.t00z.2dfld.3km.f007.na.grib2 /scratch3/BMC/acomp/Gonzalo.Ferrada/verif/realtime/model_output/RRFS-SD/2026082500/frame_007_aqm_RRFS-SD_2026082500_vis.nc '' ''
+ local match=VIS
+ local fin=/scratch3/BMC/acomp/Sudheer/Fire-nest/Retros/RRFS_A/RT/GRIB2/rrfs.20260825/00/rrfs.t00z.2dfld.3km.f007.na.grib2
+ local outfile=/scratch3/BMC/acomp/Gonzalo.Ferrada/verif/realtime/model_output/RRFS-SD/2026082500/frame_007_aqm_RRFS-SD_2026082500_vis.nc
+ local rename_from=
+ local rename_to=
+ wgrib2 -nc_nlev 1 -match VIS -set center 7 /scratch3/BMC/acomp/Sudheer/Fire-nest/Retros/RRFS_A/RT/GRIB2/rrfs.20260825/00/rrfs.t00z.2dfld.3km.f007.na.grib2 -netcdf /scratch3/BMC/acomp/Gonzalo.Ferrada/verif/realtime/model_output/RRFS-SD/2026082500/frame_007_aqm_RRFS-SD_2026082500_vis.nc
netcdf: doesn't support yet grid_template 1
5:26111204:d=2026082500:VIS:surface:7 hour fcst:
+ [[ -n '' ]]
+ extract_grib 'HGT:cloud ceiling' /scratch3/BMC/acomp/Sudheer/Fire-nest/Retros/RRFS_A/RT/GRIB2/rrfs.20260825/00/rrfs.t00z.2dfld.3km.f007.na.grib2 /scratch3/BMC/acomp/Gonzalo.Ferrada/verif/realtime/model_output/RRFS-SD/2026082500/frame_007_aqm_RRFS-SD_2026082500_ceil.nc '' ''
+ local 'match=HGT:cloud ceiling'
+ local fin=/scratch3/BMC/acomp/Sudheer/Fire-nest/Retros/RRFS_A/RT/GRIB2/rrfs.20260825/00/rrfs.t00z.2dfld.3km.f007.na.grib2
+ local outfile=/scratch3/BMC/acomp/Gonzalo.Ferrada/verif/realtime/model_output/RRFS-SD/2026082500/frame_007_aqm_RRFS-SD_2026082500_ceil.nc
+ local rename_from=
+ local rename_to=
+ wgrib2 -nc_nlev 1 -match 'HGT:cloud ceiling' -set center 7 /scratch3/BMC/acomp/Sudheer/Fire-nest/Retros/RRFS_A/RT/GRIB2/rrfs.20260825/00/rrfs.t00z.2dfld.3km.f007.na.grib2 -netcdf /scratch3/BMC/acomp/Gonzalo.Ferrada/verif/realtime/model_output/RRFS-SD/2026082500/frame_007_aqm_RRFS-SD_2026082500_ceil.nc
netcdf: doesn't support yet grid_template 1
165:870486590:d=2026082500:HGT:cloud ceiling:7 hour fcst:
+ [[ -n '' ]]
+ extract_grib 'Dust dry:aerosol_size <2.5e-06' /scratch3/BMC/acomp/Sudheer/Fire-nest/Retros/RRFS_A/RT/GRIB2/rrfs.20260825/00/rrfs.t00z.2dfld.3km.f007.na.grib2 /scratch3/BMC/acomp/Gonzalo.Ferrada/verif/realtime/model_output/RRFS-SD/2026082500/frame_007_aqm_RRFS-SD_2026082500_dust_fine.nc MASSDEN_8maboveground dust_fine
+ local 'match=Dust dry:aerosol_size <2.5e-06'
+ local fin=/scratch3/BMC/acomp/Sudheer/Fire-nest/Retros/RRFS_A/RT/GRIB2/rrfs.20260825/00/rrfs.t00z.2dfld.3km.f007.na.grib2
+ local outfile=/scratch3/BMC/acomp/Gonzalo.Ferrada/verif/realtime/model_output/RRFS-SD/2026082500/frame_007_aqm_RRFS-SD_2026082500_dust_fine.nc
+ local rename_from=MASSDEN_8maboveground
+ local rename_to=dust_fine
+ wgrib2 -nc_nlev 1 -match 'Dust dry:aerosol_size <2.5e-06' -set center 7 /scratch3/BMC/acomp/Sudheer/Fire-nest/Retros/RRFS_A/RT/GRIB2/rrfs.20260825/00/rrfs.t00z.2dfld.3km.f007.na.grib2 -netcdf /scratch3/BMC/acomp/Gonzalo.Ferrada/verif/realtime/model_output/RRFS-SD/2026082500/frame_007_aqm_RRFS-SD_2026082500_dust_fine.nc
netcdf: doesn't support yet grid_template 1
84:495246162:d=2026082500:MASSDEN:8 m above ground:7 hour fcst:aerosol=Dust dry:aerosol_size <2.5e-06:
149:765533419:d=2026082500:COLMD:entire atmosphere (considered as a single layer):7 hour fcst:aerosol=Dust dry:aerosol_size <2.5e-06:
+ [[ -n MASSDEN_8maboveground ]]
+ ncrename -h -v MASSDEN_8maboveground,dust_fine /scratch3/BMC/acomp/Gonzalo.Ferrada/verif/realtime/model_output/RRFS-SD/2026082500/frame_007_aqm_RRFS-SD_2026082500_dust_fine.nc
+ extract_grib 'Dust dry:aerosol_size >=2.5e-06' /scratch3/BMC/acomp/Sudheer/Fire-nest/Retros/RRFS_A/RT/GRIB2/rrfs.20260825/00/rrfs.t00z.2dfld.3km.f007.na.grib2 /scratch3/BMC/acomp/Gonzalo.Ferrada/verif/realtime/model_output/RRFS-SD/2026082500/frame_007_aqm_RRFS-SD_2026082500_dust_coarse.nc MASSDEN_8maboveground dust_coarse
+ local 'match=Dust dry:aerosol_size >=2.5e-06'
+ local fin=/scratch3/BMC/acomp/Sudheer/Fire-nest/Retros/RRFS_A/RT/GRIB2/rrfs.20260825/00/rrfs.t00z.2dfld.3km.f007.na.grib2
+ local outfile=/scratch3/BMC/acomp/Gonzalo.Ferrada/verif/realtime/model_output/RRFS-SD/2026082500/frame_007_aqm_RRFS-SD_2026082500_dust_coarse.nc
+ local rename_from=MASSDEN_8maboveground
+ local rename_to=dust_coarse
+ wgrib2 -nc_nlev 1 -match 'Dust dry:aerosol_size >=2.5e-06' -set center 7 /scratch3/BMC/acomp/Sudheer/Fire-nest/Retros/RRFS_A/RT/GRIB2/rrfs.20260825/00/rrfs.t00z.2dfld.3km.f007.na.grib2 -netcdf /scratch3/BMC/acomp/Gonzalo.Ferrada/verif/realtime/model_output/RRFS-SD/2026082500/frame_007_aqm_RRFS-SD_2026082500_dust_coarse.nc
netcdf: doesn't support yet grid_template 1
87:504486459:d=2026082500:MASSDEN:8 m above ground:7 hour fcst:aerosol=Dust dry:aerosol_size >=2.5e-06,<1e-05:
150:769685825:d=2026082500:COLMD:entire atmosphere (considered as a single layer):7 hour fcst:aerosol=Dust dry:aerosol_size >=2.5e-06,<1e-05:
+ [[ -n MASSDEN_8maboveground ]]
+ ncrename -h -v MASSDEN_8maboveground,dust_coarse /scratch3/BMC/acomp/Gonzalo.Ferrada/verif/realtime/model_output/RRFS-SD/2026082500/frame_007_aqm_RRFS-SD_2026082500_dust_coarse.nc
+ extract_grib organic /scratch3/BMC/acomp/Sudheer/Fire-nest/Retros/RRFS_A/RT/GRIB2/rrfs.20260825/00/rrfs.t00z.2dfld.3km.f007.na.grib2 /scratch3/BMC/acomp/Gonzalo.Ferrada/verif/realtime/model_output/RRFS-SD/2026082500/frame_007_aqm_RRFS-SD_2026082500_smoke.nc MASSDEN_8maboveground smoke
+ local match=organic
+ local fin=/scratch3/BMC/acomp/Sudheer/Fire-nest/Retros/RRFS_A/RT/GRIB2/rrfs.20260825/00/rrfs.t00z.2dfld.3km.f007.na.grib2
+ local outfile=/scratch3/BMC/acomp/Gonzalo.Ferrada/verif/realtime/model_output/RRFS-SD/2026082500/frame_007_aqm_RRFS-SD_2026082500_smoke.nc
+ local rename_from=MASSDEN_8maboveground
+ local rename_to=smoke
+ wgrib2 -nc_nlev 1 -match organic -set center 7 /scratch3/BMC/acomp/Sudheer/Fire-nest/Retros/RRFS_A/RT/GRIB2/rrfs.20260825/00/rrfs.t00z.2dfld.3km.f007.na.grib2 -netcdf /scratch3/BMC/acomp/Gonzalo.Ferrada/verif/realtime/model_output/RRFS-SD/2026082500/frame_007_aqm_RRFS-SD_2026082500_smoke.nc
netcdf: doesn't support yet grid_template 1
83:491840631:d=2026082500:MASSDEN:8 m above ground:7 hour fcst:aerosol=Particulate organic matter dry:aerosol_size <2.5e-06:
148:759502408:d=2026082500:COLMD:entire atmosphere (considered as a single layer):7 hour fcst:aerosol=Particulate organic matter dry:aerosol_size <2.5e-06:
153:784651052:d=2026082500:AEMFLX:entire atmosphere (considered as a single layer):7 hour fcst:aerosol=Particulate organic matter dry:aerosol_size <2.5e-06:
+ [[ -n MASSDEN_8maboveground ]]
+ ncrename -h -v MASSDEN_8maboveground,smoke /scratch3/BMC/acomp/Gonzalo.Ferrada/verif/realtime/model_output/RRFS-SD/2026082500/frame_007_aqm_RRFS-SD_2026082500_smoke.nc
+ extract_grib ':(UGRD|VGRD):10 m above ground:' /scratch3/BMC/acomp/Sudheer/Fire-nest/Retros/RRFS_A/RT/GRIB2/rrfs.20260825/00/rrfs.t00z.2dfld.3km.f007.na.grib2 /scratch3/BMC/acomp/Gonzalo.Ferrada/verif/realtime/model_output/RRFS-SD/2026082500/frame_007_aqm_RRFS-SD_2026082500_wind.nc '' ''
+ local 'match=:(UGRD|VGRD):10 m above ground:'
+ local fin=/scratch3/BMC/acomp/Sudheer/Fire-nest/Retros/RRFS_A/RT/GRIB2/rrfs.20260825/00/rrfs.t00z.2dfld.3km.f007.na.grib2
+ local outfile=/scratch3/BMC/acomp/Gonzalo.Ferrada/verif/realtime/model_output/RRFS-SD/2026082500/frame_007_aqm_RRFS-SD_2026082500_wind.nc
+ local rename_from=
+ local rename_to=
+ wgrib2 -nc_nlev 1 -match ':(UGRD|VGRD):10 m above ground:' -set center 7 /scratch3/BMC/acomp/Sudheer/Fire-nest/Retros/RRFS_A/RT/GRIB2/rrfs.20260825/00/rrfs.t00z.2dfld.3km.f007.na.grib2 -netcdf /scratch3/BMC/acomp/Gonzalo.Ferrada/verif/realtime/model_output/RRFS-SD/2026082500/frame_007_aqm_RRFS-SD_2026082500_wind.nc
netcdf: doesn't support yet grid_template 1
88:506413177:d=2026082500:UGRD:10 m above ground:7 hour fcst:
89:518109812:d=2026082500:VGRD:10 m above ground:7 hour fcst:
+ [[ -n '' ]]
+ extract_grib ':(DPT|TMP):2 m above ground:' /scratch3/BMC/acomp/Sudheer/Fire-nest/Retros/RRFS_A/RT/GRIB2/rrfs.20260825/00/rrfs.t00z.2dfld.3km.f007.na.grib2 /scratch3/BMC/acomp/Gonzalo.Ferrada/verif/realtime/model_output/RRFS-SD/2026082500/frame_007_aqm_RRFS-SD_2026082500_temp.nc '' ''
+ local 'match=:(DPT|TMP):2 m above ground:'
+ local fin=/scratch3/BMC/acomp/Sudheer/Fire-nest/Retros/RRFS_A/RT/GRIB2/rrfs.20260825/00/rrfs.t00z.2dfld.3km.f007.na.grib2
+ local outfile=/scratch3/BMC/acomp/Gonzalo.Ferrada/verif/realtime/model_output/RRFS-SD/2026082500/frame_007_aqm_RRFS-SD_2026082500_temp.nc
+ local rename_from=
+ local rename_to=
+ wgrib2 -nc_nlev 1 -match ':(DPT|TMP):2 m above ground:' -set center 7 /scratch3/BMC/acomp/Sudheer/Fire-nest/Retros/RRFS_A/RT/GRIB2/rrfs.20260825/00/rrfs.t00z.2dfld.3km.f007.na.grib2 -netcdf /scratch3/BMC/acomp/Gonzalo.Ferrada/verif/realtime/model_output/RRFS-SD/2026082500/frame_007_aqm_RRFS-SD_2026082500_temp.nc
netcdf: doesn't support yet grid_template 1
74:408642641:d=2026082500:TMP:2 m above ground:7 hour fcst:
76:428935310:d=2026082500:DPT:2 m above ground:7 hour fcst:
+ [[ -n '' ]]
+ extract_grib APCP /scratch3/BMC/acomp/Sudheer/Fire-nest/Retros/RRFS_A/RT/GRIB2/rrfs.20260825/00/rrfs.t00z.2dfld.3km.f007.na.grib2 /scratch3/BMC/acomp/Gonzalo.Ferrada/verif/realtime/model_output/RRFS-SD/2026082500/frame_007_aqm_RRFS-SD_2026082500_precip.nc '' ''
+ local match=APCP
+ local fin=/scratch3/BMC/acomp/Sudheer/Fire-nest/Retros/RRFS_A/RT/GRIB2/rrfs.20260825/00/rrfs.t00z.2dfld.3km.f007.na.grib2
+ local outfile=/scratch3/BMC/acomp/Gonzalo.Ferrada/verif/realtime/model_output/RRFS-SD/2026082500/frame_007_aqm_RRFS-SD_2026082500_precip.nc
+ local rename_from=
+ local rename_to=
+ wgrib2 -nc_nlev 1 -match APCP -set center 7 /scratch3/BMC/acomp/Sudheer/Fire-nest/Retros/RRFS_A/RT/GRIB2/rrfs.20260825/00/rrfs.t00z.2dfld.3km.f007.na.grib2 -netcdf /scratch3/BMC/acomp/Gonzalo.Ferrada/verif/realtime/model_output/RRFS-SD/2026082500/frame_007_aqm_RRFS-SD_2026082500_precip.nc
netcdf: doesn't support yet grid_template 1
97:569257388:d=2026082500:APCP:surface:6-7 hour acc fcst:
98:572659895:d=2026082500:APCP:surface:0-7 hour acc fcst:
+ [[ -n '' ]]
+ echo 'Calculations (ncap2)...'
Calculations (ncap2)...
+ ncap2 -O -h -s 'WIND_10maboveground=float(sqrt(UGRD_10maboveground^2 + VGRD_10maboveground^2))' /scratch3/BMC/acomp/Gonzalo.Ferrada/verif/realtime/model_output/RRFS-SD/2026082500/frame_007_aqm_RRFS-SD_2026082500_wind.nc /scratch3/BMC/acomp/Gonzalo.Ferrada/verif/realtime/model_output/RRFS-SD/2026082500/frame_007_aqm_RRFS-SD_2026082500_wind.nc
+ ncap2 -O -h -s 'WDIR_10maboveground=float(180.+(180./3.14159)*atan2(UGRD_10maboveground,VGRD_10maboveground))' /scratch3/BMC/acomp/Gonzalo.Ferrada/verif/realtime/model_output/RRFS-SD/2026082500/frame_007_aqm_RRFS-SD_2026082500_wind.nc /scratch3/BMC/acomp/Gonzalo.Ferrada/verif/realtime/model_output/RRFS-SD/2026082500/frame_007_aqm_RRFS-SD_2026082500_wind.nc
+ ncap2 -O -h -s 'TMP_2maboveground=float(TMP_2maboveground-273.15)' /scratch3/BMC/acomp/Gonzalo.Ferrada/verif/realtime/model_output/RRFS-SD/2026082500/frame_007_aqm_RRFS-SD_2026082500_temp.nc /scratch3/BMC/acomp/Gonzalo.Ferrada/verif/realtime/model_output/RRFS-SD/2026082500/frame_007_aqm_RRFS-SD_2026082500_temp.nc
+ ncap2 -O -h -s 'DPT_2maboveground=float(DPT_2maboveground-273.15)' /scratch3/BMC/acomp/Gonzalo.Ferrada/verif/realtime/model_output/RRFS-SD/2026082500/frame_007_aqm_RRFS-SD_2026082500_temp.nc /scratch3/BMC/acomp/Gonzalo.Ferrada/verif/realtime/model_output/RRFS-SD/2026082500/frame_007_aqm_RRFS-SD_2026082500_temp.nc
+ ncap2 -O -h -s 'dust_fine=float(1.e9*dust_fine)' /scratch3/BMC/acomp/Gonzalo.Ferrada/verif/realtime/model_output/RRFS-SD/2026082500/frame_007_aqm_RRFS-SD_2026082500_dust_fine.nc /scratch3/BMC/acomp/Gonzalo.Ferrada/verif/realtime/model_output/RRFS-SD/2026082500/frame_007_aqm_RRFS-SD_2026082500_dust_fine.nc
+ ncap2 -O -h -s 'dust_coarse=float(1.e9*dust_coarse)' /scratch3/BMC/acomp/Gonzalo.Ferrada/verif/realtime/model_output/RRFS-SD/2026082500/frame_007_aqm_RRFS-SD_2026082500_dust_coarse.nc /scratch3/BMC/acomp/Gonzalo.Ferrada/verif/realtime/model_output/RRFS-SD/2026082500/frame_007_aqm_RRFS-SD_2026082500_dust_coarse.nc
+ ncap2 -O -h -s 'smoke=float(1.e9*smoke)' /scratch3/BMC/acomp/Gonzalo.Ferrada/verif/realtime/model_output/RRFS-SD/2026082500/frame_007_aqm_RRFS-SD_2026082500_smoke.nc /scratch3/BMC/acomp/Gonzalo.Ferrada/verif/realtime/model_output/RRFS-SD/2026082500/frame_007_aqm_RRFS-SD_2026082500_smoke.nc
+ ncap2 -O -h -s 'VIS_surface=float(0.000621371*VIS_surface)' /scratch3/BMC/acomp/Gonzalo.Ferrada/verif/realtime/model_output/RRFS-SD/2026082500/frame_007_aqm_RRFS-SD_2026082500_vis.nc /scratch3/BMC/acomp/Gonzalo.Ferrada/verif/realtime/model_output/RRFS-SD/2026082500/frame_007_aqm_RRFS-SD_2026082500_vis.nc
+ ncap2 -O -h -s 'where(VIS_surface>10.0) VIS_surface=10.0' /scratch3/BMC/acomp/Gonzalo.Ferrada/verif/realtime/model_output/RRFS-SD/2026082500/frame_007_aqm_RRFS-SD_2026082500_vis.nc /scratch3/BMC/acomp/Gonzalo.Ferrada/verif/realtime/model_output/RRFS-SD/2026082500/frame_007_aqm_RRFS-SD_2026082500_vis.nc
+ echo 'Merging to /scratch3/BMC/acomp/Gonzalo.Ferrada/verif/realtime/model_output/RRFS-SD/2026082500/frame_007_aqm_RRFS-SD_2026082500.nc...'
Merging to /scratch3/BMC/acomp/Gonzalo.Ferrada/verif/realtime/model_output/RRFS-SD/2026082500/frame_007_aqm_RRFS-SD_2026082500.nc...
+ ncks -A -h /scratch3/BMC/acomp/Gonzalo.Ferrada/verif/realtime/model_output/RRFS-SD/2026082500/frame_007_aqm_RRFS-SD_2026082500_aod.nc /scratch3/BMC/acomp/Gonzalo.Ferrada/verif/realtime/model_output/RRFS-SD/2026082500/frame_007_aqm_RRFS-SD_2026082500.nc
+ ncks -A -h -v DSWRF_surface /scratch3/BMC/acomp/Gonzalo.Ferrada/verif/realtime/model_output/RRFS-SD/2026082500/frame_007_aqm_RRFS-SD_2026082500_dswrf.nc /scratch3/BMC/acomp/Gonzalo.Ferrada/verif/realtime/model_output/RRFS-SD/2026082500/frame_007_aqm_RRFS-SD_2026082500.nc
+ ncks -A -h -v VIS_surface /scratch3/BMC/acomp/Gonzalo.Ferrada/verif/realtime/model_output/RRFS-SD/2026082500/frame_007_aqm_RRFS-SD_2026082500_vis.nc /scratch3/BMC/acomp/Gonzalo.Ferrada/verif/realtime/model_output/RRFS-SD/2026082500/frame_007_aqm_RRFS-SD_2026082500.nc
+ ncks -A -h -v HGT_cloudceiling /scratch3/BMC/acomp/Gonzalo.Ferrada/verif/realtime/model_output/RRFS-SD/2026082500/frame_007_aqm_RRFS-SD_2026082500_ceil.nc /scratch3/BMC/acomp/Gonzalo.Ferrada/verif/realtime/model_output/RRFS-SD/2026082500/frame_007_aqm_RRFS-SD_2026082500.nc
+ ncks -A -h -v dust_fine /scratch3/BMC/acomp/Gonzalo.Ferrada/verif/realtime/model_output/RRFS-SD/2026082500/frame_007_aqm_RRFS-SD_2026082500_dust_fine.nc /scratch3/BMC/acomp/Gonzalo.Ferrada/verif/realtime/model_output/RRFS-SD/2026082500/frame_007_aqm_RRFS-SD_2026082500.nc
+ ncks -A -h -v dust_coarse /scratch3/BMC/acomp/Gonzalo.Ferrada/verif/realtime/model_output/RRFS-SD/2026082500/frame_007_aqm_RRFS-SD_2026082500_dust_coarse.nc /scratch3/BMC/acomp/Gonzalo.Ferrada/verif/realtime/model_output/RRFS-SD/2026082500/frame_007_aqm_RRFS-SD_2026082500.nc
+ ncks -A -h -v smoke /scratch3/BMC/acomp/Gonzalo.Ferrada/verif/realtime/model_output/RRFS-SD/2026082500/frame_007_aqm_RRFS-SD_2026082500_smoke.nc /scratch3/BMC/acomp/Gonzalo.Ferrada/verif/realtime/model_output/RRFS-SD/2026082500/frame_007_aqm_RRFS-SD_2026082500.nc
+ ncks -A -h -v WIND_10maboveground,WDIR_10maboveground /scratch3/BMC/acomp/Gonzalo.Ferrada/verif/realtime/model_output/RRFS-SD/2026082500/frame_007_aqm_RRFS-SD_2026082500_wind.nc /scratch3/BMC/acomp/Gonzalo.Ferrada/verif/realtime/model_output/RRFS-SD/2026082500/frame_007_aqm_RRFS-SD_2026082500.nc
+ ncks -A -h -v TMP_2maboveground,DPT_2maboveground /scratch3/BMC/acomp/Gonzalo.Ferrada/verif/realtime/model_output/RRFS-SD/2026082500/frame_007_aqm_RRFS-SD_2026082500_temp.nc /scratch3/BMC/acomp/Gonzalo.Ferrada/verif/realtime/model_output/RRFS-SD/2026082500/frame_007_aqm_RRFS-SD_2026082500.nc
+ ncks -A -h -v APCP_surface /scratch3/BMC/acomp/Gonzalo.Ferrada/verif/realtime/model_output/RRFS-SD/2026082500/frame_007_aqm_RRFS-SD_2026082500_precip.nc /scratch3/BMC/acomp/Gonzalo.Ferrada/verif/realtime/model_output/RRFS-SD/2026082500/frame_007_aqm_RRFS-SD_2026082500.nc
+ echo 'Deleting intermediate files...'
Deleting intermediate files...
+ rm -f /scratch3/BMC/acomp/Gonzalo.Ferrada/verif/realtime/model_output/RRFS-SD/2026082500/frame_007_aqm_RRFS-SD_2026082500_aod.nc /scratch3/BMC/acomp/Gonzalo.Ferrada/verif/realtime/model_output/RRFS-SD/2026082500/frame_007_aqm_RRFS-SD_2026082500_ceil.nc /scratch3/BMC/acomp/Gonzalo.Ferrada/verif/realtime/model_output/RRFS-SD/2026082500/frame_007_aqm_RRFS-SD_2026082500_dswrf.nc /scratch3/BMC/acomp/Gonzalo.Ferrada/verif/realtime/model_output/RRFS-SD/2026082500/frame_007_aqm_RRFS-SD_2026082500_dust_coarse.nc /scratch3/BMC/acomp/Gonzalo.Ferrada/verif/realtime/model_output/RRFS-SD/2026082500/frame_007_aqm_RRFS-SD_2026082500_dust_fine.nc /scratch3/BMC/acomp/Gonzalo.Ferrada/verif/realtime/model_output/RRFS-SD/2026082500/frame_007_aqm_RRFS-SD_2026082500_precip.nc /scratch3/BMC/acomp/Gonzalo.Ferrada/verif/realtime/model_output/RRFS-SD/2026082500/frame_007_aqm_RRFS-SD_2026082500_smoke.nc /scratch3/BMC/acomp/Gonzalo.Ferrada/verif/realtime/model_output/RRFS-SD/2026082500/frame_007_aqm_RRFS-SD_2026082500_temp.nc /scratch3/BMC/acomp/Gonzalo.Ferrada/verif/realtime/model_output/RRFS-SD/2026082500/frame_007_aqm_RRFS-SD_2026082500_vis.nc /scratch3/BMC/acomp/Gonzalo.Ferrada/verif/realtime/model_output/RRFS-SD/2026082500/frame_007_aqm_RRFS-SD_2026082500_wind.nc
+ echo 'Final calculations...'
Final calculations...
+ ncap2 -h -O -s 'pm25=float(dust_fine+smoke)' /scratch3/BMC/acomp/Gonzalo.Ferrada/verif/realtime/model_output/RRFS-SD/2026082500/frame_007_aqm_RRFS-SD_2026082500.nc /scratch3/BMC/acomp/Gonzalo.Ferrada/verif/realtime/model_output/RRFS-SD/2026082500/frame_007_aqm_RRFS-SD_2026082500.nc
+ ncap2 -h -O -s 'pm10=float(pm25+dust_coarse)' /scratch3/BMC/acomp/Gonzalo.Ferrada/verif/realtime/model_output/RRFS-SD/2026082500/frame_007_aqm_RRFS-SD_2026082500.nc /scratch3/BMC/acomp/Gonzalo.Ferrada/verif/realtime/model_output/RRFS-SD/2026082500/frame_007_aqm_RRFS-SD_2026082500.nc
+ ncap2 -h -O -s lat=latitude -s lon=longitude /scratch3/BMC/acomp/Gonzalo.Ferrada/verif/realtime/model_output/RRFS-SD/2026082500/frame_007_aqm_RRFS-SD_2026082500.nc /scratch3/BMC/acomp/Gonzalo.Ferrada/verif/realtime/model_output/RRFS-SD/2026082500/frame_007_aqm_RRFS-SD_2026082500.nc
+ ncks -h -O -x -v hlevel /scratch3/BMC/acomp/Gonzalo.Ferrada/verif/realtime/model_output/RRFS-SD/2026082500/frame_007_aqm_RRFS-SD_2026082500.nc /scratch3/BMC/acomp/Gonzalo.Ferrada/verif/realtime/model_output/RRFS-SD/2026082500/frame_007_aqm_RRFS-SD_2026082500.nc
+ echo Compressing...
Compressing...
+ ncks -O -4 -L 3 /scratch3/BMC/acomp/Gonzalo.Ferrada/verif/realtime/model_output/RRFS-SD/2026082500/frame_007_aqm_RRFS-SD_2026082500.nc /scratch3/BMC/acomp/Gonzalo.Ferrada/verif/realtime/model_output/RRFS-SD/2026082500/frame_007_aqm_RRFS-SD_2026082500.nc
+ isfile /scratch3/BMC/acomp/Gonzalo.Ferrada/verif/realtime/model_output/RRFS-SD/2026082500/frame_007_aqm_RRFS-SD_2026082500.nc
+ local file=/scratch3/BMC/acomp/Gonzalo.Ferrada/verif/realtime/model_output/RRFS-SD/2026082500/frame_007_aqm_RRFS-SD_2026082500.nc
+ [[ ! -s /scratch3/BMC/acomp/Gonzalo.Ferrada/verif/realtime/model_output/RRFS-SD/2026082500/frame_007_aqm_RRFS-SD_2026082500.nc ]]
+ echo '/scratch3/BMC/acomp/Gonzalo.Ferrada/verif/realtime/model_output/RRFS-SD/2026082500/frame_007_aqm_RRFS-SD_2026082500.nc created!'
/scratch3/BMC/acomp/Gonzalo.Ferrada/verif/realtime/model_output/RRFS-SD/2026082500/frame_007_aqm_RRFS-SD_2026082500.nc created!
+ (( hh+=MODEL_DT  ))
+ (( hh<=LEAD_HH_END ))
+ printf -v HHH %03d 8
+ fin=/scratch3/BMC/acomp/Sudheer/Fire-nest/Retros/RRFS_A/RT/GRIB2/rrfs.20260825/00/rrfs.t00z.2dfld.3km.f008.na.grib2
+ fout=/scratch3/BMC/acomp/Gonzalo.Ferrada/verif/realtime/model_output/RRFS-SD/2026082500/frame_008_aqm_RRFS-SD_2026082500.nc
+ isfile /scratch3/BMC/acomp/Sudheer/Fire-nest/Retros/RRFS_A/RT/GRIB2/rrfs.20260825/00/rrfs.t00z.2dfld.3km.f008.na.grib2
+ local file=/scratch3/BMC/acomp/Sudheer/Fire-nest/Retros/RRFS_A/RT/GRIB2/rrfs.20260825/00/rrfs.t00z.2dfld.3km.f008.na.grib2
+ [[ ! -s /scratch3/BMC/acomp/Sudheer/Fire-nest/Retros/RRFS_A/RT/GRIB2/rrfs.20260825/00/rrfs.t00z.2dfld.3km.f008.na.grib2 ]]
+ echo ==============================================================================
==============================================================================
+ echo 'Working on /scratch3/BMC/acomp/Gonzalo.Ferrada/verif/realtime/model_output/RRFS-SD/2026082500/frame_008_aqm_RRFS-SD_2026082500.nc'
Working on /scratch3/BMC/acomp/Gonzalo.Ferrada/verif/realtime/model_output/RRFS-SD/2026082500/frame_008_aqm_RRFS-SD_2026082500.nc
+ echo 'Extracting GRIB2 variables...'
Extracting GRIB2 variables...
+ extract_grib AOTK /scratch3/BMC/acomp/Sudheer/Fire-nest/Retros/RRFS_A/RT/GRIB2/rrfs.20260825/00/rrfs.t00z.2dfld.3km.f008.na.grib2 /scratch3/BMC/acomp/Gonzalo.Ferrada/verif/realtime/model_output/RRFS-SD/2026082500/frame_008_aqm_RRFS-SD_2026082500_aod.nc AOTK_entireatmosphere_consideredasasinglelayer_ AOD550
+ local match=AOTK
+ local fin=/scratch3/BMC/acomp/Sudheer/Fire-nest/Retros/RRFS_A/RT/GRIB2/rrfs.20260825/00/rrfs.t00z.2dfld.3km.f008.na.grib2
+ local outfile=/scratch3/BMC/acomp/Gonzalo.Ferrada/verif/realtime/model_output/RRFS-SD/2026082500/frame_008_aqm_RRFS-SD_2026082500_aod.nc
+ local rename_from=AOTK_entireatmosphere_consideredasasinglelayer_
+ local rename_to=AOD550
+ wgrib2 -nc_nlev 1 -match AOTK -set center 7 /scratch3/BMC/acomp/Sudheer/Fire-nest/Retros/RRFS_A/RT/GRIB2/rrfs.20260825/00/rrfs.t00z.2dfld.3km.f008.na.grib2 -netcdf /scratch3/BMC/acomp/Gonzalo.Ferrada/verif/realtime/model_output/RRFS-SD/2026082500/frame_008_aqm_RRFS-SD_2026082500_aod.nc
netcdf: doesn't support yet grid_template 1
147:757059286:d=2026082500:AOTK:entire atmosphere (considered as a single layer):8 hour fcst:
+ [[ -n AOTK_entireatmosphere_consideredasasinglelayer_ ]]
+ ncrename -h -v AOTK_entireatmosphere_consideredasasinglelayer_,AOD550 /scratch3/BMC/acomp/Gonzalo.Ferrada/verif/realtime/model_output/RRFS-SD/2026082500/frame_008_aqm_RRFS-SD_2026082500_aod.nc
+ extract_grib DSWRF /scratch3/BMC/acomp/Sudheer/Fire-nest/Retros/RRFS_A/RT/GRIB2/rrfs.20260825/00/rrfs.t00z.2dfld.3km.f008.na.grib2 /scratch3/BMC/acomp/Gonzalo.Ferrada/verif/realtime/model_output/RRFS-SD/2026082500/frame_008_aqm_RRFS-SD_2026082500_dswrf.nc '' ''
+ local match=DSWRF
+ local fin=/scratch3/BMC/acomp/Sudheer/Fire-nest/Retros/RRFS_A/RT/GRIB2/rrfs.20260825/00/rrfs.t00z.2dfld.3km.f008.na.grib2
+ local outfile=/scratch3/BMC/acomp/Gonzalo.Ferrada/verif/realtime/model_output/RRFS-SD/2026082500/frame_008_aqm_RRFS-SD_2026082500_dswrf.nc
+ local rename_from=
+ local rename_to=
+ wgrib2 -nc_nlev 1 -match DSWRF -set center 7 /scratch3/BMC/acomp/Sudheer/Fire-nest/Retros/RRFS_A/RT/GRIB2/rrfs.20260825/00/rrfs.t00z.2dfld.3km.f008.na.grib2 -netcdf /scratch3/BMC/acomp/Gonzalo.Ferrada/verif/realtime/model_output/RRFS-SD/2026082500/frame_008_aqm_RRFS-SD_2026082500_dswrf.nc
netcdf: doesn't support yet grid_template 1
173:988791523:d=2026082500:DSWRF:surface:7-8 hour ave fcst:
180:1031965188:d=2026082500:DSWRF:surface:8 hour fcst:
+ [[ -n '' ]]
+ extract_grib VIS /scratch3/BMC/acomp/Sudheer/Fire-nest/Retros/RRFS_A/RT/GRIB2/rrfs.20260825/00/rrfs.t00z.2dfld.3km.f008.na.grib2 /scratch3/BMC/acomp/Gonzalo.Ferrada/verif/realtime/model_output/RRFS-SD/2026082500/frame_008_aqm_RRFS-SD_2026082500_vis.nc '' ''
+ local match=VIS
+ local fin=/scratch3/BMC/acomp/Sudheer/Fire-nest/Retros/RRFS_A/RT/GRIB2/rrfs.20260825/00/rrfs.t00z.2dfld.3km.f008.na.grib2
+ local outfile=/scratch3/BMC/acomp/Gonzalo.Ferrada/verif/realtime/model_output/RRFS-SD/2026082500/frame_008_aqm_RRFS-SD_2026082500_vis.nc
+ local rename_from=
+ local rename_to=
+ wgrib2 -nc_nlev 1 -match VIS -set center 7 /scratch3/BMC/acomp/Sudheer/Fire-nest/Retros/RRFS_A/RT/GRIB2/rrfs.20260825/00/rrfs.t00z.2dfld.3km.f008.na.grib2 -netcdf /scratch3/BMC/acomp/Gonzalo.Ferrada/verif/realtime/model_output/RRFS-SD/2026082500/frame_008_aqm_RRFS-SD_2026082500_vis.nc
netcdf: doesn't support yet grid_template 1
5:26278598:d=2026082500:VIS:surface:8 hour fcst:
+ [[ -n '' ]]
+ extract_grib 'HGT:cloud ceiling' /scratch3/BMC/acomp/Sudheer/Fire-nest/Retros/RRFS_A/RT/GRIB2/rrfs.20260825/00/rrfs.t00z.2dfld.3km.f008.na.grib2 /scratch3/BMC/acomp/Gonzalo.Ferrada/verif/realtime/model_output/RRFS-SD/2026082500/frame_008_aqm_RRFS-SD_2026082500_ceil.nc '' ''
+ local 'match=HGT:cloud ceiling'
+ local fin=/scratch3/BMC/acomp/Sudheer/Fire-nest/Retros/RRFS_A/RT/GRIB2/rrfs.20260825/00/rrfs.t00z.2dfld.3km.f008.na.grib2
+ local outfile=/scratch3/BMC/acomp/Gonzalo.Ferrada/verif/realtime/model_output/RRFS-SD/2026082500/frame_008_aqm_RRFS-SD_2026082500_ceil.nc
+ local rename_from=
+ local rename_to=
+ wgrib2 -nc_nlev 1 -match 'HGT:cloud ceiling' -set center 7 /scratch3/BMC/acomp/Sudheer/Fire-nest/Retros/RRFS_A/RT/GRIB2/rrfs.20260825/00/rrfs.t00z.2dfld.3km.f008.na.grib2 -netcdf /scratch3/BMC/acomp/Gonzalo.Ferrada/verif/realtime/model_output/RRFS-SD/2026082500/frame_008_aqm_RRFS-SD_2026082500_ceil.nc
netcdf: doesn't support yet grid_template 1
165:882650337:d=2026082500:HGT:cloud ceiling:8 hour fcst:
+ [[ -n '' ]]
+ extract_grib 'Dust dry:aerosol_size <2.5e-06' /scratch3/BMC/acomp/Sudheer/Fire-nest/Retros/RRFS_A/RT/GRIB2/rrfs.20260825/00/rrfs.t00z.2dfld.3km.f008.na.grib2 /scratch3/BMC/acomp/Gonzalo.Ferrada/verif/realtime/model_output/RRFS-SD/2026082500/frame_008_aqm_RRFS-SD_2026082500_dust_fine.nc MASSDEN_8maboveground dust_fine
+ local 'match=Dust dry:aerosol_size <2.5e-06'
+ local fin=/scratch3/BMC/acomp/Sudheer/Fire-nest/Retros/RRFS_A/RT/GRIB2/rrfs.20260825/00/rrfs.t00z.2dfld.3km.f008.na.grib2
+ local outfile=/scratch3/BMC/acomp/Gonzalo.Ferrada/verif/realtime/model_output/RRFS-SD/2026082500/frame_008_aqm_RRFS-SD_2026082500_dust_fine.nc
+ local rename_from=MASSDEN_8maboveground
+ local rename_to=dust_fine
+ wgrib2 -nc_nlev 1 -match 'Dust dry:aerosol_size <2.5e-06' -set center 7 /scratch3/BMC/acomp/Sudheer/Fire-nest/Retros/RRFS_A/RT/GRIB2/rrfs.20260825/00/rrfs.t00z.2dfld.3km.f008.na.grib2 -netcdf /scratch3/BMC/acomp/Gonzalo.Ferrada/verif/realtime/model_output/RRFS-SD/2026082500/frame_008_aqm_RRFS-SD_2026082500_dust_fine.nc
netcdf: doesn't support yet grid_template 1
84:505731525:d=2026082500:MASSDEN:8 m above ground:8 hour fcst:aerosol=Dust dry:aerosol_size <2.5e-06:
149:777120179:d=2026082500:COLMD:entire atmosphere (considered as a single layer):8 hour fcst:aerosol=Dust dry:aerosol_size <2.5e-06:
+ [[ -n MASSDEN_8maboveground ]]
+ ncrename -h -v MASSDEN_8maboveground,dust_fine /scratch3/BMC/acomp/Gonzalo.Ferrada/verif/realtime/model_output/RRFS-SD/2026082500/frame_008_aqm_RRFS-SD_2026082500_dust_fine.nc
+ extract_grib 'Dust dry:aerosol_size >=2.5e-06' /scratch3/BMC/acomp/Sudheer/Fire-nest/Retros/RRFS_A/RT/GRIB2/rrfs.20260825/00/rrfs.t00z.2dfld.3km.f008.na.grib2 /scratch3/BMC/acomp/Gonzalo.Ferrada/verif/realtime/model_output/RRFS-SD/2026082500/frame_008_aqm_RRFS-SD_2026082500_dust_coarse.nc MASSDEN_8maboveground dust_coarse
+ local 'match=Dust dry:aerosol_size >=2.5e-06'
+ local fin=/scratch3/BMC/acomp/Sudheer/Fire-nest/Retros/RRFS_A/RT/GRIB2/rrfs.20260825/00/rrfs.t00z.2dfld.3km.f008.na.grib2
+ local outfile=/scratch3/BMC/acomp/Gonzalo.Ferrada/verif/realtime/model_output/RRFS-SD/2026082500/frame_008_aqm_RRFS-SD_2026082500_dust_coarse.nc
+ local rename_from=MASSDEN_8maboveground
+ local rename_to=dust_coarse
+ wgrib2 -nc_nlev 1 -match 'Dust dry:aerosol_size >=2.5e-06' -set center 7 /scratch3/BMC/acomp/Sudheer/Fire-nest/Retros/RRFS_A/RT/GRIB2/rrfs.20260825/00/rrfs.t00z.2dfld.3km.f008.na.grib2 -netcdf /scratch3/BMC/acomp/Gonzalo.Ferrada/verif/realtime/model_output/RRFS-SD/2026082500/frame_008_aqm_RRFS-SD_2026082500_dust_coarse.nc
netcdf: doesn't support yet grid_template 1
87:514984270:d=2026082500:MASSDEN:8 m above ground:8 hour fcst:aerosol=Dust dry:aerosol_size >=2.5e-06,<1e-05:
150:781277291:d=2026082500:COLMD:entire atmosphere (considered as a single layer):8 hour fcst:aerosol=Dust dry:aerosol_size >=2.5e-06,<1e-05:
+ [[ -n MASSDEN_8maboveground ]]
+ ncrename -h -v MASSDEN_8maboveground,dust_coarse /scratch3/BMC/acomp/Gonzalo.Ferrada/verif/realtime/model_output/RRFS-SD/2026082500/frame_008_aqm_RRFS-SD_2026082500_dust_coarse.nc
+ extract_grib organic /scratch3/BMC/acomp/Sudheer/Fire-nest/Retros/RRFS_A/RT/GRIB2/rrfs.20260825/00/rrfs.t00z.2dfld.3km.f008.na.grib2 /scratch3/BMC/acomp/Gonzalo.Ferrada/verif/realtime/model_output/RRFS-SD/2026082500/frame_008_aqm_RRFS-SD_2026082500_smoke.nc MASSDEN_8maboveground smoke
+ local match=organic
+ local fin=/scratch3/BMC/acomp/Sudheer/Fire-nest/Retros/RRFS_A/RT/GRIB2/rrfs.20260825/00/rrfs.t00z.2dfld.3km.f008.na.grib2
+ local outfile=/scratch3/BMC/acomp/Gonzalo.Ferrada/verif/realtime/model_output/RRFS-SD/2026082500/frame_008_aqm_RRFS-SD_2026082500_smoke.nc
+ local rename_from=MASSDEN_8maboveground
+ local rename_to=smoke
+ wgrib2 -nc_nlev 1 -match organic -set center 7 /scratch3/BMC/acomp/Sudheer/Fire-nest/Retros/RRFS_A/RT/GRIB2/rrfs.20260825/00/rrfs.t00z.2dfld.3km.f008.na.grib2 -netcdf /scratch3/BMC/acomp/Gonzalo.Ferrada/verif/realtime/model_output/RRFS-SD/2026082500/frame_008_aqm_RRFS-SD_2026082500_smoke.nc
netcdf: doesn't support yet grid_template 1
83:502322322:d=2026082500:MASSDEN:8 m above ground:8 hour fcst:aerosol=Particulate organic matter dry:aerosol_size <2.5e-06:
148:771083743:d=2026082500:COLMD:entire atmosphere (considered as a single layer):8 hour fcst:aerosol=Particulate organic matter dry:aerosol_size <2.5e-06:
153:796245943:d=2026082500:AEMFLX:entire atmosphere (considered as a single layer):8 hour fcst:aerosol=Particulate organic matter dry:aerosol_size <2.5e-06:
+ [[ -n MASSDEN_8maboveground ]]
+ ncrename -h -v MASSDEN_8maboveground,smoke /scratch3/BMC/acomp/Gonzalo.Ferrada/verif/realtime/model_output/RRFS-SD/2026082500/frame_008_aqm_RRFS-SD_2026082500_smoke.nc
+ extract_grib ':(UGRD|VGRD):10 m above ground:' /scratch3/BMC/acomp/Sudheer/Fire-nest/Retros/RRFS_A/RT/GRIB2/rrfs.20260825/00/rrfs.t00z.2dfld.3km.f008.na.grib2 /scratch3/BMC/acomp/Gonzalo.Ferrada/verif/realtime/model_output/RRFS-SD/2026082500/frame_008_aqm_RRFS-SD_2026082500_wind.nc '' ''
+ local 'match=:(UGRD|VGRD):10 m above ground:'
+ local fin=/scratch3/BMC/acomp/Sudheer/Fire-nest/Retros/RRFS_A/RT/GRIB2/rrfs.20260825/00/rrfs.t00z.2dfld.3km.f008.na.grib2
+ local outfile=/scratch3/BMC/acomp/Gonzalo.Ferrada/verif/realtime/model_output/RRFS-SD/2026082500/frame_008_aqm_RRFS-SD_2026082500_wind.nc
+ local rename_from=
+ local rename_to=
+ wgrib2 -nc_nlev 1 -match ':(UGRD|VGRD):10 m above ground:' -set center 7 /scratch3/BMC/acomp/Sudheer/Fire-nest/Retros/RRFS_A/RT/GRIB2/rrfs.20260825/00/rrfs.t00z.2dfld.3km.f008.na.grib2 -netcdf /scratch3/BMC/acomp/Gonzalo.Ferrada/verif/realtime/model_output/RRFS-SD/2026082500/frame_008_aqm_RRFS-SD_2026082500_wind.nc
netcdf: doesn't support yet grid_template 1
88:516911357:d=2026082500:UGRD:10 m above ground:8 hour fcst:
89:528647078:d=2026082500:VGRD:10 m above ground:8 hour fcst:
+ [[ -n '' ]]
+ extract_grib ':(DPT|TMP):2 m above ground:' /scratch3/BMC/acomp/Sudheer/Fire-nest/Retros/RRFS_A/RT/GRIB2/rrfs.20260825/00/rrfs.t00z.2dfld.3km.f008.na.grib2 /scratch3/BMC/acomp/Gonzalo.Ferrada/verif/realtime/model_output/RRFS-SD/2026082500/frame_008_aqm_RRFS-SD_2026082500_temp.nc '' ''
+ local 'match=:(DPT|TMP):2 m above ground:'
+ local fin=/scratch3/BMC/acomp/Sudheer/Fire-nest/Retros/RRFS_A/RT/GRIB2/rrfs.20260825/00/rrfs.t00z.2dfld.3km.f008.na.grib2
+ local outfile=/scratch3/BMC/acomp/Gonzalo.Ferrada/verif/realtime/model_output/RRFS-SD/2026082500/frame_008_aqm_RRFS-SD_2026082500_temp.nc
+ local rename_from=
+ local rename_to=
+ wgrib2 -nc_nlev 1 -match ':(DPT|TMP):2 m above ground:' -set center 7 /scratch3/BMC/acomp/Sudheer/Fire-nest/Retros/RRFS_A/RT/GRIB2/rrfs.20260825/00/rrfs.t00z.2dfld.3km.f008.na.grib2 -netcdf /scratch3/BMC/acomp/Gonzalo.Ferrada/verif/realtime/model_output/RRFS-SD/2026082500/frame_008_aqm_RRFS-SD_2026082500_temp.nc
netcdf: doesn't support yet grid_template 1
74:419047879:d=2026082500:TMP:2 m above ground:8 hour fcst:
76:439355863:d=2026082500:DPT:2 m above ground:8 hour fcst:
+ [[ -n '' ]]
+ extract_grib APCP /scratch3/BMC/acomp/Sudheer/Fire-nest/Retros/RRFS_A/RT/GRIB2/rrfs.20260825/00/rrfs.t00z.2dfld.3km.f008.na.grib2 /scratch3/BMC/acomp/Gonzalo.Ferrada/verif/realtime/model_output/RRFS-SD/2026082500/frame_008_aqm_RRFS-SD_2026082500_precip.nc '' ''
+ local match=APCP
+ local fin=/scratch3/BMC/acomp/Sudheer/Fire-nest/Retros/RRFS_A/RT/GRIB2/rrfs.20260825/00/rrfs.t00z.2dfld.3km.f008.na.grib2
+ local outfile=/scratch3/BMC/acomp/Gonzalo.Ferrada/verif/realtime/model_output/RRFS-SD/2026082500/frame_008_aqm_RRFS-SD_2026082500_precip.nc
+ local rename_from=
+ local rename_to=
+ wgrib2 -nc_nlev 1 -match APCP -set center 7 /scratch3/BMC/acomp/Sudheer/Fire-nest/Retros/RRFS_A/RT/GRIB2/rrfs.20260825/00/rrfs.t00z.2dfld.3km.f008.na.grib2 -netcdf /scratch3/BMC/acomp/Gonzalo.Ferrada/verif/realtime/model_output/RRFS-SD/2026082500/frame_008_aqm_RRFS-SD_2026082500_precip.nc
netcdf: doesn't support yet grid_template 1
97:580113229:d=2026082500:APCP:surface:7-8 hour acc fcst:
98:583531201:d=2026082500:APCP:surface:0-8 hour acc fcst:
+ [[ -n '' ]]
+ echo 'Calculations (ncap2)...'
Calculations (ncap2)...
+ ncap2 -O -h -s 'WIND_10maboveground=float(sqrt(UGRD_10maboveground^2 + VGRD_10maboveground^2))' /scratch3/BMC/acomp/Gonzalo.Ferrada/verif/realtime/model_output/RRFS-SD/2026082500/frame_008_aqm_RRFS-SD_2026082500_wind.nc /scratch3/BMC/acomp/Gonzalo.Ferrada/verif/realtime/model_output/RRFS-SD/2026082500/frame_008_aqm_RRFS-SD_2026082500_wind.nc
+ ncap2 -O -h -s 'WDIR_10maboveground=float(180.+(180./3.14159)*atan2(UGRD_10maboveground,VGRD_10maboveground))' /scratch3/BMC/acomp/Gonzalo.Ferrada/verif/realtime/model_output/RRFS-SD/2026082500/frame_008_aqm_RRFS-SD_2026082500_wind.nc /scratch3/BMC/acomp/Gonzalo.Ferrada/verif/realtime/model_output/RRFS-SD/2026082500/frame_008_aqm_RRFS-SD_2026082500_wind.nc
+ ncap2 -O -h -s 'TMP_2maboveground=float(TMP_2maboveground-273.15)' /scratch3/BMC/acomp/Gonzalo.Ferrada/verif/realtime/model_output/RRFS-SD/2026082500/frame_008_aqm_RRFS-SD_2026082500_temp.nc /scratch3/BMC/acomp/Gonzalo.Ferrada/verif/realtime/model_output/RRFS-SD/2026082500/frame_008_aqm_RRFS-SD_2026082500_temp.nc
+ ncap2 -O -h -s 'DPT_2maboveground=float(DPT_2maboveground-273.15)' /scratch3/BMC/acomp/Gonzalo.Ferrada/verif/realtime/model_output/RRFS-SD/2026082500/frame_008_aqm_RRFS-SD_2026082500_temp.nc /scratch3/BMC/acomp/Gonzalo.Ferrada/verif/realtime/model_output/RRFS-SD/2026082500/frame_008_aqm_RRFS-SD_2026082500_temp.nc
+ ncap2 -O -h -s 'dust_fine=float(1.e9*dust_fine)' /scratch3/BMC/acomp/Gonzalo.Ferrada/verif/realtime/model_output/RRFS-SD/2026082500/frame_008_aqm_RRFS-SD_2026082500_dust_fine.nc /scratch3/BMC/acomp/Gonzalo.Ferrada/verif/realtime/model_output/RRFS-SD/2026082500/frame_008_aqm_RRFS-SD_2026082500_dust_fine.nc
+ ncap2 -O -h -s 'dust_coarse=float(1.e9*dust_coarse)' /scratch3/BMC/acomp/Gonzalo.Ferrada/verif/realtime/model_output/RRFS-SD/2026082500/frame_008_aqm_RRFS-SD_2026082500_dust_coarse.nc /scratch3/BMC/acomp/Gonzalo.Ferrada/verif/realtime/model_output/RRFS-SD/2026082500/frame_008_aqm_RRFS-SD_2026082500_dust_coarse.nc
+ ncap2 -O -h -s 'smoke=float(1.e9*smoke)' /scratch3/BMC/acomp/Gonzalo.Ferrada/verif/realtime/model_output/RRFS-SD/2026082500/frame_008_aqm_RRFS-SD_2026082500_smoke.nc /scratch3/BMC/acomp/Gonzalo.Ferrada/verif/realtime/model_output/RRFS-SD/2026082500/frame_008_aqm_RRFS-SD_2026082500_smoke.nc
+ ncap2 -O -h -s 'VIS_surface=float(0.000621371*VIS_surface)' /scratch3/BMC/acomp/Gonzalo.Ferrada/verif/realtime/model_output/RRFS-SD/2026082500/frame_008_aqm_RRFS-SD_2026082500_vis.nc /scratch3/BMC/acomp/Gonzalo.Ferrada/verif/realtime/model_output/RRFS-SD/2026082500/frame_008_aqm_RRFS-SD_2026082500_vis.nc
+ ncap2 -O -h -s 'where(VIS_surface>10.0) VIS_surface=10.0' /scratch3/BMC/acomp/Gonzalo.Ferrada/verif/realtime/model_output/RRFS-SD/2026082500/frame_008_aqm_RRFS-SD_2026082500_vis.nc /scratch3/BMC/acomp/Gonzalo.Ferrada/verif/realtime/model_output/RRFS-SD/2026082500/frame_008_aqm_RRFS-SD_2026082500_vis.nc
+ echo 'Merging to /scratch3/BMC/acomp/Gonzalo.Ferrada/verif/realtime/model_output/RRFS-SD/2026082500/frame_008_aqm_RRFS-SD_2026082500.nc...'
Merging to /scratch3/BMC/acomp/Gonzalo.Ferrada/verif/realtime/model_output/RRFS-SD/2026082500/frame_008_aqm_RRFS-SD_2026082500.nc...
+ ncks -A -h /scratch3/BMC/acomp/Gonzalo.Ferrada/verif/realtime/model_output/RRFS-SD/2026082500/frame_008_aqm_RRFS-SD_2026082500_aod.nc /scratch3/BMC/acomp/Gonzalo.Ferrada/verif/realtime/model_output/RRFS-SD/2026082500/frame_008_aqm_RRFS-SD_2026082500.nc
+ ncks -A -h -v DSWRF_surface /scratch3/BMC/acomp/Gonzalo.Ferrada/verif/realtime/model_output/RRFS-SD/2026082500/frame_008_aqm_RRFS-SD_2026082500_dswrf.nc /scratch3/BMC/acomp/Gonzalo.Ferrada/verif/realtime/model_output/RRFS-SD/2026082500/frame_008_aqm_RRFS-SD_2026082500.nc
+ ncks -A -h -v VIS_surface /scratch3/BMC/acomp/Gonzalo.Ferrada/verif/realtime/model_output/RRFS-SD/2026082500/frame_008_aqm_RRFS-SD_2026082500_vis.nc /scratch3/BMC/acomp/Gonzalo.Ferrada/verif/realtime/model_output/RRFS-SD/2026082500/frame_008_aqm_RRFS-SD_2026082500.nc
+ ncks -A -h -v HGT_cloudceiling /scratch3/BMC/acomp/Gonzalo.Ferrada/verif/realtime/model_output/RRFS-SD/2026082500/frame_008_aqm_RRFS-SD_2026082500_ceil.nc /scratch3/BMC/acomp/Gonzalo.Ferrada/verif/realtime/model_output/RRFS-SD/2026082500/frame_008_aqm_RRFS-SD_2026082500.nc
+ ncks -A -h -v dust_fine /scratch3/BMC/acomp/Gonzalo.Ferrada/verif/realtime/model_output/RRFS-SD/2026082500/frame_008_aqm_RRFS-SD_2026082500_dust_fine.nc /scratch3/BMC/acomp/Gonzalo.Ferrada/verif/realtime/model_output/RRFS-SD/2026082500/frame_008_aqm_RRFS-SD_2026082500.nc
+ ncks -A -h -v dust_coarse /scratch3/BMC/acomp/Gonzalo.Ferrada/verif/realtime/model_output/RRFS-SD/2026082500/frame_008_aqm_RRFS-SD_2026082500_dust_coarse.nc /scratch3/BMC/acomp/Gonzalo.Ferrada/verif/realtime/model_output/RRFS-SD/2026082500/frame_008_aqm_RRFS-SD_2026082500.nc
+ ncks -A -h -v smoke /scratch3/BMC/acomp/Gonzalo.Ferrada/verif/realtime/model_output/RRFS-SD/2026082500/frame_008_aqm_RRFS-SD_2026082500_smoke.nc /scratch3/BMC/acomp/Gonzalo.Ferrada/verif/realtime/model_output/RRFS-SD/2026082500/frame_008_aqm_RRFS-SD_2026082500.nc
+ ncks -A -h -v WIND_10maboveground,WDIR_10maboveground /scratch3/BMC/acomp/Gonzalo.Ferrada/verif/realtime/model_output/RRFS-SD/2026082500/frame_008_aqm_RRFS-SD_2026082500_wind.nc /scratch3/BMC/acomp/Gonzalo.Ferrada/verif/realtime/model_output/RRFS-SD/2026082500/frame_008_aqm_RRFS-SD_2026082500.nc
+ ncks -A -h -v TMP_2maboveground,DPT_2maboveground /scratch3/BMC/acomp/Gonzalo.Ferrada/verif/realtime/model_output/RRFS-SD/2026082500/frame_008_aqm_RRFS-SD_2026082500_temp.nc /scratch3/BMC/acomp/Gonzalo.Ferrada/verif/realtime/model_output/RRFS-SD/2026082500/frame_008_aqm_RRFS-SD_2026082500.nc
+ ncks -A -h -v APCP_surface /scratch3/BMC/acomp/Gonzalo.Ferrada/verif/realtime/model_output/RRFS-SD/2026082500/frame_008_aqm_RRFS-SD_2026082500_precip.nc /scratch3/BMC/acomp/Gonzalo.Ferrada/verif/realtime/model_output/RRFS-SD/2026082500/frame_008_aqm_RRFS-SD_2026082500.nc
+ echo 'Deleting intermediate files...'
Deleting intermediate files...
+ rm -f /scratch3/BMC/acomp/Gonzalo.Ferrada/verif/realtime/model_output/RRFS-SD/2026082500/frame_008_aqm_RRFS-SD_2026082500_aod.nc /scratch3/BMC/acomp/Gonzalo.Ferrada/verif/realtime/model_output/RRFS-SD/2026082500/frame_008_aqm_RRFS-SD_2026082500_ceil.nc /scratch3/BMC/acomp/Gonzalo.Ferrada/verif/realtime/model_output/RRFS-SD/2026082500/frame_008_aqm_RRFS-SD_2026082500_dswrf.nc /scratch3/BMC/acomp/Gonzalo.Ferrada/verif/realtime/model_output/RRFS-SD/2026082500/frame_008_aqm_RRFS-SD_2026082500_dust_coarse.nc /scratch3/BMC/acomp/Gonzalo.Ferrada/verif/realtime/model_output/RRFS-SD/2026082500/frame_008_aqm_RRFS-SD_2026082500_dust_fine.nc /scratch3/BMC/acomp/Gonzalo.Ferrada/verif/realtime/model_output/RRFS-SD/2026082500/frame_008_aqm_RRFS-SD_2026082500_precip.nc /scratch3/BMC/acomp/Gonzalo.Ferrada/verif/realtime/model_output/RRFS-SD/2026082500/frame_008_aqm_RRFS-SD_2026082500_smoke.nc /scratch3/BMC/acomp/Gonzalo.Ferrada/verif/realtime/model_output/RRFS-SD/2026082500/frame_008_aqm_RRFS-SD_2026082500_temp.nc /scratch3/BMC/acomp/Gonzalo.Ferrada/verif/realtime/model_output/RRFS-SD/2026082500/frame_008_aqm_RRFS-SD_2026082500_vis.nc /scratch3/BMC/acomp/Gonzalo.Ferrada/verif/realtime/model_output/RRFS-SD/2026082500/frame_008_aqm_RRFS-SD_2026082500_wind.nc
+ echo 'Final calculations...'
Final calculations...
+ ncap2 -h -O -s 'pm25=float(dust_fine+smoke)' /scratch3/BMC/acomp/Gonzalo.Ferrada/verif/realtime/model_output/RRFS-SD/2026082500/frame_008_aqm_RRFS-SD_2026082500.nc /scratch3/BMC/acomp/Gonzalo.Ferrada/verif/realtime/model_output/RRFS-SD/2026082500/frame_008_aqm_RRFS-SD_2026082500.nc
+ ncap2 -h -O -s 'pm10=float(pm25+dust_coarse)' /scratch3/BMC/acomp/Gonzalo.Ferrada/verif/realtime/model_output/RRFS-SD/2026082500/frame_008_aqm_RRFS-SD_2026082500.nc /scratch3/BMC/acomp/Gonzalo.Ferrada/verif/realtime/model_output/RRFS-SD/2026082500/frame_008_aqm_RRFS-SD_2026082500.nc
+ ncap2 -h -O -s lat=latitude -s lon=longitude /scratch3/BMC/acomp/Gonzalo.Ferrada/verif/realtime/model_output/RRFS-SD/2026082500/frame_008_aqm_RRFS-SD_2026082500.nc /scratch3/BMC/acomp/Gonzalo.Ferrada/verif/realtime/model_output/RRFS-SD/2026082500/frame_008_aqm_RRFS-SD_2026082500.nc
+ ncks -h -O -x -v hlevel /scratch3/BMC/acomp/Gonzalo.Ferrada/verif/realtime/model_output/RRFS-SD/2026082500/frame_008_aqm_RRFS-SD_2026082500.nc /scratch3/BMC/acomp/Gonzalo.Ferrada/verif/realtime/model_output/RRFS-SD/2026082500/frame_008_aqm_RRFS-SD_2026082500.nc
+ echo Compressing...
Compressing...
+ ncks -O -4 -L 3 /scratch3/BMC/acomp/Gonzalo.Ferrada/verif/realtime/model_output/RRFS-SD/2026082500/frame_008_aqm_RRFS-SD_2026082500.nc /scratch3/BMC/acomp/Gonzalo.Ferrada/verif/realtime/model_output/RRFS-SD/2026082500/frame_008_aqm_RRFS-SD_2026082500.nc
+ isfile /scratch3/BMC/acomp/Gonzalo.Ferrada/verif/realtime/model_output/RRFS-SD/2026082500/frame_008_aqm_RRFS-SD_2026082500.nc
+ local file=/scratch3/BMC/acomp/Gonzalo.Ferrada/verif/realtime/model_output/RRFS-SD/2026082500/frame_008_aqm_RRFS-SD_2026082500.nc
+ [[ ! -s /scratch3/BMC/acomp/Gonzalo.Ferrada/verif/realtime/model_output/RRFS-SD/2026082500/frame_008_aqm_RRFS-SD_2026082500.nc ]]
+ echo '/scratch3/BMC/acomp/Gonzalo.Ferrada/verif/realtime/model_output/RRFS-SD/2026082500/frame_008_aqm_RRFS-SD_2026082500.nc created!'
/scratch3/BMC/acomp/Gonzalo.Ferrada/verif/realtime/model_output/RRFS-SD/2026082500/frame_008_aqm_RRFS-SD_2026082500.nc created!
+ (( hh+=MODEL_DT  ))
+ (( hh<=LEAD_HH_END ))
+ ne
/scratch3/BMC/acomp/Gonzalo.Ferrada/verif/realtime/scripts//prep_rrfs-sd.sh: line 158: ne: command not found
+ echo 'prep_rrfs-sd completed for current group 1'
prep_rrfs-sd completed for current group 1
+ exit 0
